doc_id	security_code	form_type	period_end	source_tags	existing_row_count	proposed_row_count	selected_candidate_count	excluded_candidate_count	review_row_count	excel_suppressed_segment_profit_count	status
S1007RUG	71800	030000	2016-03-31	NotesSegmentInformationEtcConsolidatedFinancialStatementsTextBlock	21	9	23	5	0	0	match
S1007W34	83460	030000	2016-03-31	NotesSegmentInformationEtcConsolidatedFinancialStatementsTextBlock	12	6	13	4	0	0	match
S1007Y0J	62920	030000	2016-03-31	NotesSegmentInformationEtcConsolidatedFinancialStatementsTextBlock	25	10	27	33	0	0	match
S1007Z1N	71500	030000	2016-03-31	NotesSegmentInformationEtcConsolidatedFinancialStatementsTextBlock	15	7	17	17	0	0	match
S1008EIU	98300	043000	2016-06-30	NotesSegmentInformationEtcQuarterlyFinancialStatementsTextBlock	16	6	20	19	0	0	match
S1008T15	81940	043000	2016-08-31	NotesSegmentInformationEtcQuarterlyConsolidatedFinancialStatementsTextBlock	9	3	11	11	0	0	match
S10091EP	50210	043000	2016-09-30	NotesSegmentInformationEtcQuarterlyConsolidatedFinancialStatementsTextBlock	17	5	18	8	0	0	match
S100946V	71620	043000	2016-09-30	NotesSegmentInformationEtcQuarterlyConsolidatedFinancialStatementsTextBlock	15	5	17	39	0	0	match
S10095LM	71610	043000	2016-09-30	NotesSegmentInformationEtcSemiAnnualConsolidatedFinancialStatementsTextBlock	16	8	18	167	0	0	match
S10096F0	87660	043000	2016-09-30	NotesSegmentInformationEtcSemiAnnualConsolidatedFinancialStatementsTextBlock	18	8	20	198	0	0	match
S10096KF	71800	043000	2016-09-30	NotesSegmentInformationEtcSemiAnnualConsolidatedFinancialStatementsTextBlock	21	9	23	61	0	0	match
S10097DE	71500	043000	2016-09-30	NotesSegmentInformationEtcSemiAnnualConsolidatedFinancialStatementsTextBlock	15	7	17	137	0	0	match
S100ASHQ	71890	030000	2017-03-31	NotesSegmentInformationEtcConsolidatedFinancialStatementsTextBlock	11	5	12	5	0	0	match
S100AU7M	33770	043000	2017-05-31	NotesSegmentInformationEtcQuarterlyFinancialStatementsTextBlock	12	3	13	24	0	0	match
S100BMCH	57110	043000	2017-09-30	NotesSegmentInformationEtcQuarterlyConsolidatedFinancialStatementsTextBlock	28	7	29	45	0	0	match
S100BPA2	74190	043000	2017-09-30	NotesSegmentInformationEtcQuarterlyConsolidatedFinancialStatementsTextBlock	20	5	23	42	0	0	match
S100BPSZ	19610	043000	2017-09-30	NotesSegmentInformationEtcQuarterlyConsolidatedFinancialStatementsTextBlock	18	6	20	22	0	0	match
S100BQKR	54580	043000	2017-09-30	NotesSegmentInformationEtcQuarterlyConsolidatedFinancialStatementsTextBlock	12	3	13	24	0	0	match
S100BR1F	32930	043000	2017-09-30	NotesSegmentInformationEtcQuarterlyConsolidatedFinancialStatementsTextBlock	19	4	19	7	0	0	match
S100BTY8	83580	043000	2017-09-30	NotesSegmentInformationEtcSemiAnnualConsolidatedFinancialStatementsTextBlock	10	4	11	46	0	0	match
S100BU3P	71890	043000	2017-09-30	NotesSegmentInformationEtcSemiAnnualConsolidatedFinancialStatementsTextBlock	11	5	12	43	0	0	match
S100BUD4	87660	043000	2017-09-30	NotesSegmentInformationEtcSemiAnnualConsolidatedFinancialStatementsTextBlock	18	8	20	198	0	0	match
S100BV05	71500	043000	2017-09-30	NotesSegmentInformationEtcSemiAnnualConsolidatedFinancialStatementsTextBlock	15	7	17	149	0	0	match
S100BV94	87500	043000	2017-09-30	NotesSegmentInformationEtcSemiAnnualConsolidatedFinancialStatementsTextBlock	13	5	14	190	0	0	match
S100D5NO	83580	030000	2018-03-31	NotesSegmentInformationEtcConsolidatedFinancialStatementsTextBlock	10	4	11	14	0	0	match
S100D7MW	83440	030000	2018-03-31	NotesSegmentInformationEtcConsolidatedFinancialStatementsTextBlock	15	7	17	19	0	0	match
S100D9KY	83620	030000	2018-03-31	NotesSegmentInformationEtcConsolidatedFinancialStatementsTextBlock	15	7	17	18	0	0	match
S100DA3U	85240	030000	2018-03-31	NotesSegmentInformationEtcConsolidatedFinancialStatementsTextBlock	15	7	17	20	0	0	match
S100DAFN	83460	030000	2018-03-31	NotesSegmentInformationEtcConsolidatedFinancialStatementsTextBlock	12	6	13	14	0	0	match
S100DAVY	83340	030000	2018-03-31	NotesSegmentInformationEtcConsolidatedFinancialStatementsTextBlock	15	7	17	18	0	0	match
S100DB73	83810	030000	2018-03-31	NotesSegmentInformationEtcConsolidatedFinancialStatementsTextBlock	15	7	17	20	0	0	match
S100DC2I	62920	030000	2018-03-31	NotesSegmentInformationEtcConsolidatedFinancialStatementsTextBlock	26	11	27	33	0	0	match
S100DG4F	83360	030000	2018-03-31	NotesSegmentInformationEtcConsolidatedFinancialStatementsTextBlock	18	8	26	27	0	0	match
S100DIOZ	71890	030000	2018-03-31	NotesSegmentInformationEtcConsolidatedFinancialStatementsTextBlock	11	5	12	16	0	0	match
S100DT0U	98300	043000	2018-06-30	NotesSegmentInformationEtcQuarterlyFinancialStatementsTextBlock	15	5	18	20	0	0	match
S100DW51	36830	043000	2018-06-30	NotesSegmentInformationEtcQuarterlyFinancialStatementsTextBlock	12	3	13	25	0	0	match
S100E7WE	82760	043000	2018-08-20	NotesSegmentInformationEtcQuarterlyConsolidatedFinancialStatementsTextBlock	12	4	15	42	0	0	match
S100EC3I	30040	043000	2018-09-30	NotesSegmentInformationEtcQuarterlyConsolidatedFinancialStatementsTextBlock	19	4	19	29	0	0	match
S100ECWF	95130	043000	2018-09-30	NotesSegmentInformationEtcQuarterlyConsolidatedFinancialStatementsTextBlock	15	5	17	40	0	0	match
S100ED1O	57110	043000	2018-09-30	NotesSegmentInformationEtcQuarterlyConsolidatedFinancialStatementsTextBlock	28	7	29	45	0	0	match
S100ED6O	99500	043000	2018-09-20	NotesSegmentInformationEtcQuarterlyConsolidatedFinancialStatementsTextBlock	12	4	14	34	0	0	match
S100EE3Z	81500	043000	2018-09-30	NotesSegmentInformationEtcQuarterlyConsolidatedFinancialStatementsTextBlock	10	4	10	11	0	0	match
S100EF4P	15140	043000	2018-09-30	NotesSegmentInformationEtcQuarterlyConsolidatedFinancialStatementsTextBlock	15	3	15	24	0	0	match
S100EFRP	80780	043000	2018-09-30	NotesSegmentInformationEtcQuarterlyConsolidatedFinancialStatementsTextBlock	30	6	31	60	0	0	match
S100EFUU	50210	043000	2018-09-30	NotesSegmentInformationEtcQuarterlyConsolidatedFinancialStatementsTextBlock	17	5	18	29	0	0	match
S100EG47	65900	043000	2018-09-30	NotesSegmentInformationEtcQuarterlyConsolidatedFinancialStatementsTextBlock	19	4	19	31	0	0	match
S100EGCX	91040	043000	2018-09-30	NotesSegmentInformationEtcQuarterlyConsolidatedFinancialStatementsTextBlock	28	7	31	53	0	0	match
S100EGGJ	83650	043000	2018-09-30	NotesSegmentInformationEtcSemiAnnualConsolidatedFinancialStatementsTextBlock	16	8	18	114	0	0	match
S100EGTC	19610	043000	2018-09-30	NotesSegmentInformationEtcQuarterlyConsolidatedFinancialStatementsTextBlock	18	6	20	22	0	0	match
S100EGU6	85110	043000	2018-09-30	NotesSegmentInformationEtcQuarterlyConsolidatedFinancialStatementsTextBlock	11	3	12	30	0	0	match
S100EGZJ	86010	043000	2018-09-30	NotesSegmentInformationEtcQuarterlyConsolidatedFinancialStatementsTextBlock	17	5	19	48	0	0	match
S100EHLT	46800	043000	2018-09-30	NotesSegmentInformationEtcQuarterlyConsolidatedFinancialStatementsTextBlock	11	2	11	16	0	0	match
S100EHQ4	80750	043000	2018-09-30	NotesSegmentInformationEtcQuarterlyConsolidatedFinancialStatementsTextBlock	28	7	29	45	0	0	match
S100EHU5	77020	043000	2018-09-30	NotesSegmentInformationEtcQuarterlyConsolidatedFinancialStatementsTextBlock	22	5	24	43	0	0	match
S100EHWG	66250	043000	2018-09-30	NotesSegmentInformationEtcQuarterlyConsolidatedFinancialStatementsTextBlock	16	4	19	38	0	0	match
S100EI0S	83610	043000	2018-09-30	NotesSegmentInformationEtcSemiAnnualConsolidatedFinancialStatementsTextBlock	15	7	17	124	0	0	match
S100EI77	80050	043000	2018-09-30	NotesSegmentInformationEtcQuarterlyConsolidatedFinancialStatementsTextBlock	32	8	33	49	0	0	match
S100EIAJ	83860	043000	2018-09-30	NotesSegmentInformationEtcSemiAnnualConsolidatedFinancialStatementsTextBlock	15	7	17	232	0	0	match
S100EIFG	91070	043000	2018-09-30	NotesSegmentInformationEtcQuarterlyConsolidatedFinancialStatementsTextBlock	20	5	21	35	0	0	match
S100EIGT	19810	043000	2018-09-30	NotesSegmentInformationEtcQuarterlyFinancialStatementsTextBlock	16	4	17	30	0	0	match
S100EINI	32930	043000	2018-09-30	NotesSegmentInformationEtcQuarterlyConsolidatedFinancialStatementsTextBlock	23	5	25	34	0	0	match
S100EIT9	74210	043000	2018-09-30	NotesSegmentInformationEtcQuarterlyConsolidatedFinancialStatementsTextBlock	12	3	12	18	0	0	match
S100EIZE	60920	043000	2018-09-30	NotesSegmentInformationEtcQuarterlyConsolidatedFinancialStatementsTextBlock	16	4	17	30	0	0	match
S100EJ4C	49780	043000	2018-09-30	NotesSegmentInformationEtcQuarterlyConsolidatedFinancialStatementsTextBlock	12	3	13	26	0	0	match
S100EJ5V	91010	043000	2018-09-30	NotesSegmentInformationEtcQuarterlyConsolidatedFinancialStatementsTextBlock	28	7	29	45	0	0	match
S100EJ9O	42280	043000	2018-09-30	FootnotesRegardingSegmentInformationTableTextBlock | NotesSegmentInformationEtcQuarterlyConsolidatedFinancialStatementsTextBlock	12	3	13	29	0	0	match
S100EJJM	29150	043000	2018-09-30	NotesSegmentInformationEtcQuarterlyConsolidatedFinancialStatementsTextBlock	16	4	19	38	0	0	match
S100EJS6	34330	043000	2018-09-30	NotesSegmentInformationEtcQuarterlyConsolidatedFinancialStatementsTextBlock	16	4	19	38	0	0	match
S100EKCG	71620	043000	2018-09-30	NotesSegmentInformationEtcQuarterlyConsolidatedFinancialStatementsTextBlock	19	7	23	53	0	0	match
S100EKNV	83590	043000	2018-09-30	NotesSegmentInformationEtcSemiAnnualConsolidatedFinancialStatementsTextBlock	15	7	17	174	0	0	match
S100EKTJ	54580	043000	2018-09-30	NotesSegmentInformationEtcQuarterlyConsolidatedFinancialStatementsTextBlock	12	3	13	25	0	0	match
S100ELAQ	83680	043000	2018-09-30	NotesSegmentInformationEtcSemiAnnualConsolidatedFinancialStatementsTextBlock	15	7	17	172	0	0	match
S100ELC2	83460	043000	2018-09-30	NotesSegmentInformationEtcSemiAnnualConsolidatedFinancialStatementsTextBlock	12	6	13	82	0	0	match
S100ELDU	83440	043000	2018-09-30	NotesSegmentInformationEtcSemiAnnualConsolidatedFinancialStatementsTextBlock	15	7	17	119	0	0	match
S100ELKO	83810	043000	2018-09-30	NotesSegmentInformationEtcSemiAnnualConsolidatedFinancialStatementsTextBlock	15	7	17	184	0	0	match
S100ELM1	73260	043000	2018-09-30	NotesSegmentInformationEtcSemiAnnualConsolidatedFinancialStatementsTextBlock	12	4	14	51	0	0	match
S100ELQH	71840	043000	2018-09-30	NotesSegmentInformationEtcSemiAnnualConsolidatedFinancialStatementsTextBlock	15	7	17	188	0	0	match
S100EM7K	83950	043000	2018-09-30	NotesSegmentInformationEtcSemiAnnualConsolidatedFinancialStatementsTextBlock	16	8	18	121	0	0	match
S100EM9K	83700	043000	2018-09-30	NotesSegmentInformationEtcSemiAnnualConsolidatedFinancialStatementsTextBlock	9	3	9	131	0	0	match
S100EMBT	83450	043000	2018-09-30	NotesSegmentInformationEtcSemiAnnualConsolidatedFinancialStatementsTextBlock	14	6	16	136	0	0	match
S100EMDN	83620	043000	2018-09-30	NotesSegmentInformationEtcSemiAnnualConsolidatedFinancialStatementsTextBlock	15	7	17	150	0	0	match
S100EMJ7	87660	043000	2018-09-30	NotesSegmentInformationEtcSemiAnnualConsolidatedFinancialStatementsTextBlock	18	8	20	198	0	0	match
S100EMLA	83430	043000	2018-09-30	NotesSegmentInformationEtcSemiAnnualConsolidatedFinancialStatementsTextBlock	15	7	16	164	0	0	match
S100EMLE	83370	043000	2018-09-30	NotesSegmentInformationEtcSemiAnnualConsolidatedFinancialStatementsTextBlock	18	8	20	190	0	0	match
S100EMLS	83920	043000	2018-09-30	NotesSegmentInformationEtcSemiAnnualConsolidatedFinancialStatementsTextBlock	14	6	16	107	0	0	match
S100EMLW	61780	043000	2018-09-30	NotesSegmentInformationEtcSemiAnnualConsolidatedFinancialStatementsTextBlock	20	6	28	356	0	0	match
S100EMMU	85240	043000	2018-09-30	NotesSegmentInformationEtcSemiAnnualConsolidatedFinancialStatementsTextBlock	15	7	17	148	0	0	match
S100EMQ9	83340	043000	2018-09-30	NotesSegmentInformationEtcSemiAnnualConsolidatedFinancialStatementsTextBlock	15	7	17	198	0	0	match
S100EMSF	83380	043000	2018-09-30	NotesSegmentInformationEtcSemiAnnualConsolidatedFinancialStatementsTextBlock	15	7	17	186	0	0	match
S100EMTF	83990	043000	2018-09-30	NotesSegmentInformationEtcSemiAnnualConsolidatedFinancialStatementsTextBlock	15	7	17	120	0	0	match
S100EMW3	83830	043000	2018-09-30	NotesSegmentInformationEtcSemiAnnualConsolidatedFinancialStatementsTextBlock	11	5	12	100	0	0	match
S100EMX8	73220	043000	2018-09-30	NotesSegmentInformationEtcSemiAnnualConsolidatedFinancialStatementsTextBlock	15	7	17	67	0	0	match
S100EMZ9	71890	043000	2018-09-30	NotesSegmentInformationEtcSemiAnnualConsolidatedFinancialStatementsTextBlock	11	5	12	92	0	0	match
S100EN2Y	83930	043000	2018-09-30	NotesSegmentInformationEtcSemiAnnualConsolidatedFinancialStatementsTextBlock	16	8	18	112	0	0	match
S100EN4B	83040	043000	2018-09-30	NotesSegmentInformationEtcSemiAnnualConsolidatedFinancialStatementsTextBlock	30	23	23	66	0	0	match
S100EN5N	83580	043000	2018-09-30	NotesSegmentInformationEtcSemiAnnualConsolidatedFinancialStatementsTextBlock	11	5	12	49	0	0	match
S100EN6X	71800	043000	2018-09-30	NotesSegmentInformationEtcSemiAnnualConsolidatedFinancialStatementsTextBlock	21	9	23	134	0	0	match
S100ENCB	83360	043000	2018-09-30	NotesSegmentInformationEtcSemiAnnualConsolidatedFinancialStatementsTextBlock	18	8	26	152	0	0	match
S100ENDU	85220	043000	2018-09-30	NotesSegmentInformationEtcSemiAnnualConsolidatedFinancialStatementsTextBlock	18	8	27	140	0	0	match
S100ENIA	83670	043000	2018-09-30	NotesSegmentInformationEtcSemiAnnualConsolidatedFinancialStatementsTextBlock	15	7	17	156	0	0	match
S100ENJM	87150	043000	2018-09-30	NotesSegmentInformationEtcSemiAnnualConsolidatedFinancialStatementsTextBlock	8	2	12	68	0	0	match
S100ENUL	87500	043000	2018-09-30	NotesSegmentInformationEtcSemiAnnualConsolidatedFinancialStatementsTextBlock	13	5	14	190	0	0	match
S100ENZS	85700	043000	2018-09-30	NotesSegmentInformationEtcSemiAnnualConsolidatedFinancialStatementsTextBlock	18	6	20	160	0	0	match
S100EQLV	96270	043000	2018-10-31	NotesSegmentInformationEtcQuarterlyConsolidatedFinancialStatementsTextBlock	16	4	17	30	0	0	match
S100EU6K	71480	030000	2018-09-30	NotesSegmentInformationEtcConsolidatedFinancialStatementsTextBlock	18	6	21	33	0	0	match
S100EZRX	89170	030000	2018-10-31	NotesSegmentInformationEtcConsolidatedFinancialStatementsTextBlock	11	2	11	5	0	0	match
S100FP5F	36360	043000	2019-03-31	NotesSegmentInformationEtcQuarterlyConsolidatedFinancialStatementsTextBlock	12	3	13	25	0	0	match
S100FQT1	71480	043000	2019-03-31	NotesSegmentInformationEtcQuarterlyConsolidatedFinancialStatementsTextBlock	16	4	19	38	0	0	match
S100FQUP	57240	043000	2019-03-31	NotesSegmentInformationEtcQuarterlyConsolidatedFinancialStatementsTextBlock	20	5	23	35	0	0	match
S100FSB0	82760	030000	2019-02-20	NotesSegmentInformationEtcConsolidatedFinancialStatementsTextBlock	11	3	13	22	0	0	match
S100FXDC	83640	030000	2019-03-31	NotesSegmentInformationEtcConsolidatedFinancialStatementsTextBlock	15	7	23	18	0	0	match
S100FYGX	89170	043000	2019-04-30	NotesSegmentInformationEtcQuarterlyConsolidatedFinancialStatementsTextBlock	12	3	13	4	0	0	match
S100FYUE	23730	043000	2019-04-30	NotesSegmentInformationEtcQuarterlyConsolidatedFinancialStatementsTextBlock	16	4	19	38	0	0	match
S100G0TA	83590	030000	2019-03-31	NotesSegmentInformationEtcConsolidatedFinancialStatementsTextBlock	15	7	17	18	0	0	match
S100G10A	83610	030000	2019-03-31	NotesSegmentInformationEtcConsolidatedFinancialStatementsTextBlock	18	8	20	24	0	0	match
S100G1K3	83680	030000	2019-03-31	NotesSegmentInformationEtcConsolidatedFinancialStatementsTextBlock	15	7	17	20	0	0	match
S100G2AH	61780	030000	2019-03-31	NotesSegmentInformationEtcConsolidatedFinancialStatementsTextBlock	20	6	28	28	0	0	match
S100G2N9	83450	030000	2019-03-31	NotesSegmentInformationEtcConsolidatedFinancialStatementsTextBlock	14	6	16	20	0	0	match
S100G2VU	83460	030000	2019-03-31	NotesSegmentInformationEtcConsolidatedFinancialStatementsTextBlock	12	6	13	14	0	0	match
S100G2Z4	83440	030000	2019-03-31	NotesSegmentInformationEtcConsolidatedFinancialStatementsTextBlock	15	7	17	19	0	0	match
S100G347	83620	030000	2019-03-31	NotesSegmentInformationEtcConsolidatedFinancialStatementsTextBlock	15	7	17	18	0	0	match
S100G3ZL	83340	030000	2019-03-31	NotesSegmentInformationEtcConsolidatedFinancialStatementsTextBlock	15	7	17	18	0	0	match
S100G40A	71800	030000	2019-03-31	NotesSegmentInformationEtcConsolidatedFinancialStatementsTextBlock	21	9	23	22	0	0	match
S100G519	73220	030000	2019-03-31	NotesSegmentInformationEtcConsolidatedFinancialStatementsTextBlock	15	7	17	7	0	0	match
S100G538	83580	030000	2019-03-31	NotesSegmentInformationEtcConsolidatedFinancialStatementsTextBlock	10	4	11	15	0	0	match
S100G580	83810	030000	2019-03-31	NotesSegmentInformationEtcConsolidatedFinancialStatementsTextBlock	15	7	17	20	0	0	match
S100G58M	85220	030000	2019-03-31	NotesSegmentInformationEtcConsolidatedFinancialStatementsTextBlock	18	8	27	26	0	0	match
S100G5CU	83370	030000	2019-03-31	NotesSegmentInformationEtcConsolidatedFinancialStatementsTextBlock	18	8	20	22	0	0	match
S100G5FU	62920	030000	2019-03-31	NotesSegmentInformationEtcConsolidatedFinancialStatementsTextBlock	26	11	27	31	0	0	match
S100G655	83360	030000	2019-03-31	NotesSegmentInformationEtcConsolidatedFinancialStatementsTextBlock	18	8	26	27	0	0	match
S100G686	71610	030000	2019-03-31	NotesSegmentInformationEtcConsolidatedFinancialStatementsTextBlock	16	8	18	24	0	0	match
S100G6A1	85240	030000	2019-03-31	NotesSegmentInformationEtcConsolidatedFinancialStatementsTextBlock	15	7	17	20	0	0	match
S100G6AX	83380	030000	2019-03-31	NotesSegmentInformationEtcConsolidatedFinancialStatementsTextBlock	15	7	17	20	0	0	match
S100G7HT	56030	030000	2019-03-31	NotesSegmentInformationEtcConsolidatedFinancialStatementsTextBlock	16	4	19	30	0	0	match
S100G7IH	73270	030000	2019-03-31	NotesSegmentInformationEtcConsolidatedFinancialStatementsTextBlock	18	8	20	6	0	0	match
S100G858	87950	030000	2019-03-31	NotesSegmentInformationEtcConsolidatedFinancialStatementsTextBlock	14	4	16	22	0	0	match
S100G88Z	90670	030000	2019-03-31	NotesSegmentInformationEtcConsolidatedFinancialStatementsTextBlock	26	12	27	31	0	0	match
S100G8B9	83920	030000	2019-03-31	NotesSegmentInformationEtcConsolidatedFinancialStatementsTextBlock	14	6	16	20	0	0	match
S100G8VH	83950	030000	2019-03-31	NotesSegmentInformationEtcConsolidatedFinancialStatementsTextBlock	16	8	18	20	0	0	match
S100GA70	83990	030000	2019-03-31	NotesSegmentInformationEtcConsolidatedFinancialStatementsTextBlock	11	3	13	20	0	0	match
S100GA7Z	71500	030000	2019-03-31	NotesSegmentInformationEtcConsolidatedFinancialStatementsTextBlock	15	7	17	20	0	0	match
S100GAFD	85410	030000	2019-03-31	NotesSegmentInformationEtcConsolidatedFinancialStatementsTextBlock	14	6	16	20	0	0	match
S100GAOD	71620	030000	2019-03-31	NotesSegmentInformationEtcConsolidatedFinancialStatementsTextBlock	17	5	19	33	0	0	match
S100GARK	69820	030000	2019-03-31	NotesSegmentInformationEtcFinancialStatementsTextBlock	18	5	20	34	0	0	match
S100GBJH	83670	030000	2019-03-31	NotesSegmentInformationEtcConsolidatedFinancialStatementsTextBlock	15	7	17	20	0	0	match
S100GBQA	83930	030000	2019-03-31	NotesSegmentInformationEtcConsolidatedFinancialStatementsTextBlock	16	8	18	20	0	0	match
S100GBTE	83860	030000	2019-03-31	NotesSegmentInformationEtcConsolidatedFinancialStatementsTextBlock	15	7	17	20	0	0	match
S100GCCS	71840	030000	2019-03-31	NotesSegmentInformationEtcConsolidatedFinancialStatementsTextBlock	15	7	17	22	0	0	match
S100GCID	71890	030000	2019-03-31	NotesSegmentInformationEtcConsolidatedFinancialStatementsTextBlock	11	5	12	16	0	0	match
S100GDMC	83650	030000	2019-03-31	NotesSegmentInformationEtcConsolidatedFinancialStatementsTextBlock	16	8	18	20	0	0	match
S100GHE9	78060	043000	2019-03-31	NotesSegmentInformationEtcQuarterlyConsolidatedFinancialStatementsTextBlock	32	8	33	50	0	0	match
S100GKK0	64400	043000	2019-06-30	NotesSegmentInformationEtcQuarterlyConsolidatedFinancialStatementsTextBlock	16	4	19	38	0	0	match
S100GM6R	98300	043000	2019-06-30	NotesSegmentInformationEtcQuarterlyConsolidatedFinancialStatementsTextBlock	15	5	17	3	0	0	match
S100GMAZ	37880	043000	2019-06-30	NotesSegmentInformationEtcQuarterlyConsolidatedFinancialStatementsTextBlock	16	4	17	30	0	0	match
S100GO1J	75310	043000	2019-06-30	NotesSegmentInformationEtcQuarterlyConsolidatedFinancialStatementsTextBlock	16	4	17	30	0	0	match
S100GO32	49670	043000	2019-06-30	NotesSegmentInformationEtcQuarterlyConsolidatedFinancialStatementsTextBlock	20	5	23	43	0	0	match
S100GOV9	36830	043000	2019-06-30	NotesSegmentInformationEtcQuarterlyFinancialStatementsTextBlock	12	3	13	25	0	0	match
S100GOZW	81790	043000	2019-06-30	NotesSegmentInformationEtcQuarterlyConsolidatedFinancialStatementsTextBlock	21	7	24	60	0	0	match
S100H17Q	83640	043000	2019-09-30	NotesSegmentInformationEtcSemiAnnualConsolidatedFinancialStatementsTextBlock	15	7	23	96	0	0	match
S100H2AB	82760	043000	2019-08-20	NotesSegmentInformationEtcQuarterlyConsolidatedFinancialStatementsTextBlock	12	4	15	42	0	0	match
S100H30P	81940	043000	2019-08-31	NotesSegmentInformationEtcQuarterlyConsolidatedFinancialStatementsTextBlock	9	3	11	28	0	0	match
S100H3WT	30360	043000	2019-09-30	NotesSegmentInformationEtcQuarterlyConsolidatedFinancialStatementsTextBlock	19	4	19	29	0	0	match
S100H4YY	95130	043000	2019-09-30	NotesSegmentInformationEtcQuarterlyConsolidatedFinancialStatementsTextBlock	15	5	17	40	0	0	match
S100H60V	30040	043000	2019-09-30	NotesSegmentInformationEtcQuarterlyConsolidatedFinancialStatementsTextBlock	19	4	19	29	0	0	match
S100H690	80810	043000	2019-09-30	NotesSegmentInformationEtcQuarterlyConsolidatedFinancialStatementsTextBlock	19	4	19	31	0	0	match
S100H6UO	54100	043000	2019-09-30	NotesSegmentInformationEtcQuarterlyConsolidatedFinancialStatementsTextBlock	12	4	14	17	0	0	match
S100H7D4	99910	043000	2019-09-30	NotesSegmentInformationEtcQuarterlyConsolidatedFinancialStatementsTextBlock	12	3	13	25	0	0	match
S100H7GP	99500	043000	2019-09-20	NotesSegmentInformationEtcQuarterlyConsolidatedFinancialStatementsTextBlock	12	4	14	34	0	0	match
S100H7IT	81500	043000	2019-09-30	NotesSegmentInformationEtcQuarterlyConsolidatedFinancialStatementsTextBlock	10	4	10	11	0	0	match
S100H7KM	59330	043000	2019-09-20	NotesSegmentInformationEtcQuarterlyConsolidatedFinancialStatementsTextBlock	20	5	21	35	0	0	match
S100H7NG	98780	043000	2019-09-20	NotesSegmentInformationEtcQuarterlyFinancialStatementsTextBlock	16	4	17	30	0	0	match
S100H836	80140	043000	2019-09-30	NotesSegmentInformationEtcQuarterlyConsolidatedFinancialStatementsTextBlock	20	5	23	43	0	0	match
S100H86C	93060	043000	2019-09-30	NotesSegmentInformationEtcQuarterlyConsolidatedFinancialStatementsTextBlock	8	2	9	24	0	0	match
S100H86L	80780	043000	2019-09-30	NotesSegmentInformationEtcQuarterlyConsolidatedFinancialStatementsTextBlock	30	6	31	60	0	0	match
S100H8BS	57110	043000	2019-09-30	NotesSegmentInformationEtcQuarterlyConsolidatedFinancialStatementsTextBlock	24	6	25	40	0	0	match
S100H8LV	34200	043000	2019-09-30	NotesSegmentInformationEtcQuarterlyConsolidatedFinancialStatementsTextBlock	14	5	14	16	0	0	match
S100H8OR	48380	043000	2019-09-30	NotesSegmentInformationEtcQuarterlyConsolidatedFinancialStatementsTextBlock	12	3	13	25	0	0	match
S100H8PU	95020	043000	2019-09-30	NotesSegmentInformationEtcQuarterlyConsolidatedFinancialStatementsTextBlock	14	5	16	49	0	0	match
S100H8U7	50210	043000	2019-09-30	NotesSegmentInformationEtcQuarterlyConsolidatedFinancialStatementsTextBlock	17	5	18	29	0	0	match
S100H8X6	95010	043000	2019-09-30	NotesSegmentInformationEtcQuarterlyConsolidatedFinancialStatementsTextBlock	20	5	21	35	0	0	match
S100H9HI	62920	043000	2019-09-30	FootnotesRegardingSegmentInformationTableTextBlock | NotesSegmentInformationEtcQuarterlyConsolidatedFinancialStatementsTextBlock	20	5	21	39	0	0	match
S100H9IJ	15140	043000	2019-09-30	NotesSegmentInformationEtcQuarterlyConsolidatedFinancialStatementsTextBlock	15	3	15	24	0	0	match
S100H9IR	86010	043000	2019-09-30	NotesSegmentInformationEtcQuarterlyConsolidatedFinancialStatementsTextBlock	17	5	19	48	0	0	match
S100H9KA	91010	043000	2019-09-30	NotesSegmentInformationEtcQuarterlyConsolidatedFinancialStatementsTextBlock	28	7	29	45	0	0	match
S100H9L0	27600	043000	2019-09-30	NotesSegmentInformationEtcQuarterlyConsolidatedFinancialStatementsTextBlock	12	3	13	25	0	0	match
S100H9MP	74660	043000	2019-09-30	NotesSegmentInformationEtcQuarterlyConsolidatedFinancialStatementsTextBlock	15	3	16	25	0	0	match
S100H9UH	91070	043000	2019-09-30	NotesSegmentInformationEtcQuarterlyConsolidatedFinancialStatementsTextBlock	20	5	21	35	0	0	match
S100H9WD	19610	043000	2019-09-30	NotesSegmentInformationEtcQuarterlyConsolidatedFinancialStatementsTextBlock	18	6	20	22	0	0	match
S100H9YZ	88770	043000	2019-09-30	NotesSegmentInformationEtcQuarterlyConsolidatedFinancialStatementsTextBlock	12	3	15	33	0	0	match
S100HA1O	87070	043000	2019-09-30	NotesSegmentInformationEtcQuarterlyConsolidatedFinancialStatementsTextBlock	11	7	8	72	0	0	match
S100HA4G	41820	043000	2019-09-30	NotesSegmentInformationEtcQuarterlyConsolidatedFinancialStatementsTextBlock	21	6	22	34	0	0	match
S100HA5K	34220	043000	2019-09-30	NotesSegmentInformationEtcQuarterlyConsolidatedFinancialStatementsTextBlock	19	4	15	29	0	0	match
S100HAAH	90390	043000	2019-09-30	NotesSegmentInformationEtcQuarterlyConsolidatedFinancialStatementsTextBlock	24	6	27	48	0	0	match
S100HAAL	46800	043000	2019-09-30	NotesSegmentInformationEtcQuarterlyConsolidatedFinancialStatementsTextBlock	13	3	12	20	0	0	match
S100HACH	64670	043000	2019-09-30	NotesSegmentInformationEtcQuarterlyConsolidatedFinancialStatementsTextBlock	16	4	17	30	0	0	match
S100HAIC	66250	043000	2019-09-30	NotesSegmentInformationEtcQuarterlyConsolidatedFinancialStatementsTextBlock	16	4	19	38	0	0	match
S100HAJ4	65900	043000	2019-09-30	NotesSegmentInformationEtcQuarterlyConsolidatedFinancialStatementsTextBlock	19	4	19	31	0	0	match
S100HAJP	81230	043000	2019-09-30	NotesSegmentInformationEtcQuarterlyConsolidatedFinancialStatementsTextBlock	12	3	13	19	0	0	match
S100HAJU	19110	043000	2019-09-30	NotesSegmentInformationEtcQuarterlyConsolidatedFinancialStatementsTextBlock	24	6	27	48	0	0	match
S100HAOF	83610	043000	2019-09-30	NotesSegmentInformationEtcSemiAnnualConsolidatedFinancialStatementsTextBlock	18	8	20	144	0	0	match
S100HAPW	74190	043000	2019-09-30	NotesSegmentInformationEtcQuarterlyConsolidatedFinancialStatementsTextBlock	24	6	27	44	0	0	match
S100HATC	84390	043000	2019-09-30	NotesSegmentInformationEtcQuarterlyConsolidatedFinancialStatementsTextBlock	24	6	27	49	0	0	match
S100HB2R	96280	043000	2019-09-30	FootnotesRegardingSegmentInformationTableTextBlock | NotesSegmentInformationEtcQuarterlyConsolidatedFinancialStatementsTextBlock	20	5	21	43	0	0	match
S100HB4D	29150	043000	2019-09-30	NotesSegmentInformationEtcQuarterlyConsolidatedFinancialStatementsTextBlock	16	4	19	38	0	0	match
S100HBA3	85110	043000	2019-09-30	NotesSegmentInformationEtcQuarterlyConsolidatedFinancialStatementsTextBlock	11	3	12	30	0	0	match
S100HBD9	91040	043000	2019-09-30	NotesSegmentInformationEtcQuarterlyConsolidatedFinancialStatementsTextBlock	28	7	31	53	0	0	match
S100HBEM	80050	043000	2019-09-30	NotesSegmentInformationEtcQuarterlyConsolidatedFinancialStatementsTextBlock	32	8	33	50	0	0	match
S100HBFO	83860	043000	2019-09-30	NotesSegmentInformationEtcSemiAnnualConsolidatedFinancialStatementsTextBlock	15	7	17	232	0	0	match
S100HBJF	79710	043000	2019-09-30	NotesSegmentInformationEtcQuarterlyConsolidatedFinancialStatementsTextBlock	12	3	13	25	0	0	match
S100HBJK	32930	043000	2019-09-30	NotesSegmentInformationEtcQuarterlyConsolidatedFinancialStatementsTextBlock	23	5	25	42	0	0	match
S100HBLF	77020	043000	2019-09-30	NotesSegmentInformationEtcQuarterlyConsolidatedFinancialStatementsTextBlock	27	6	29	47	0	0	match
S100HBQG	95030	043000	2019-09-30	NotesSegmentInformationEtcQuarterlyConsolidatedFinancialStatementsTextBlock	24	6	25	40	0	0	match
S100HBVE	38350	043000	2019-09-30	NotesSegmentInformationEtcQuarterlyConsolidatedFinancialStatementsTextBlock	12	3	13	25	0	0	match
S100HBWI	69820	043000	2019-09-30	NotesSegmentInformationEtcQuarterlyFinancialStatementsTextBlock	13	4	14	19	0	0	match
S100HC0I	89340	043000	2019-09-30	NotesSegmentInformationEtcQuarterlyConsolidatedFinancialStatementsTextBlock	15	5	17	20	0	0	match
S100HC41	57060	043000	2019-09-30	NotesSegmentInformationEtcQuarterlyConsolidatedFinancialStatementsTextBlock	20	5	21	35	0	0	match
S100HC6X	46150	043000	2019-09-30	NotesSegmentInformationEtcQuarterlyConsolidatedFinancialStatementsTextBlock	8	2	8	10	0	0	match
S100HCEJ	90670	043000	2019-09-30	NotesSegmentInformationEtcQuarterlyConsolidatedFinancialStatementsTextBlock	18	6	20	48	0	0	match
S100HCN3	57140	043000	2019-09-30	NotesSegmentInformationEtcQuarterlyConsolidatedFinancialStatementsTextBlock	28	7	31	53	0	0	match
S100HCOK	33920	043000	2019-09-30	NotesSegmentInformationEtcQuarterlyConsolidatedFinancialStatementsTextBlock	19	5	20	36	0	0	match
S100HCZ2	99060	043000	2019-09-30	NotesSegmentInformationEtcQuarterlyConsolidatedFinancialStatementsTextBlock	23	5	23	34	0	0	match
S100HD47	34330	043000	2019-09-30	NotesSegmentInformationEtcQuarterlyConsolidatedFinancialStatementsTextBlock	20	5	23	43	0	0	match
S100HDB8	54580	043000	2019-09-30	NotesSegmentInformationEtcQuarterlyConsolidatedFinancialStatementsTextBlock	12	3	13	25	0	0	match
S100HDF5	60920	043000	2019-09-30	NotesSegmentInformationEtcQuarterlyConsolidatedFinancialStatementsTextBlock	16	4	17	30	0	0	match
S100HDNU	33710	043000	2019-09-30	NotesSegmentInformationEtcQuarterlyConsolidatedFinancialStatementsTextBlock	16	4	17	30	0	0	match
S100HEJ4	74210	043000	2019-09-30	NotesSegmentInformationEtcQuarterlyConsolidatedFinancialStatementsTextBlock	12	3	12	18	0	0	match
S100HEKQ	80750	043000	2019-09-30	NotesSegmentInformationEtcQuarterlyConsolidatedFinancialStatementsTextBlock	28	7	29	45	0	0	match
S100HENQ	42280	043000	2019-09-30	FootnotesRegardingSegmentInformationTableTextBlock | NotesSegmentInformationEtcQuarterlyConsolidatedFinancialStatementsTextBlock	12	3	13	29	0	0	match
S100HENT	71620	043000	2019-09-30	NotesSegmentInformationEtcQuarterlyConsolidatedFinancialStatementsTextBlock	18	6	21	54	0	0	match
S100HEQ2	56030	043000	2019-09-30	NotesSegmentInformationEtcQuarterlyConsolidatedFinancialStatementsTextBlock	16	4	19	38	0	0	match
S100HESN	73260	043000	2019-09-30	NotesSegmentInformationEtcSemiAnnualConsolidatedFinancialStatementsTextBlock	12	4	14	110	0	0	match
S100HEZ1	83700	043000	2019-09-30	NotesSegmentInformationEtcSemiAnnualConsolidatedFinancialStatementsTextBlock	9	3	9	131	0	0	match
S100HFBW	85510	043000	2019-09-30	NotesSegmentInformationEtcSemiAnnualConsolidatedFinancialStatementsTextBlock	16	8	17	102	0	0	match
S100HFD3	85240	043000	2019-09-30	NotesSegmentInformationEtcSemiAnnualConsolidatedFinancialStatementsTextBlock	16	8	19	148	0	0	match
S100HFFI	83030	043000	2019-09-30	NotesSegmentInformationEtcSemiAnnualConsolidatedFinancialStatementsTextBlock	31	18	19	390	0	0	match
S100HFG9	83370	043000	2019-09-30	NotesSegmentInformationEtcSemiAnnualConsolidatedFinancialStatementsTextBlock	18	8	20	197	0	0	match
S100HFHG	83680	043000	2019-09-30	NotesSegmentInformationEtcSemiAnnualConsolidatedFinancialStatementsTextBlock	15	7	17	178	0	0	match
S100HFHH	83440	043000	2019-09-30	NotesSegmentInformationEtcSemiAnnualConsolidatedFinancialStatementsTextBlock	18	8	20	138	0	0	match
S100HFM3	84160	043000	2019-09-30	NotesSegmentInformationEtcSemiAnnualConsolidatedFinancialStatementsTextBlock	16	8	18	144	0	0	match
S100HFOF	83810	043000	2019-09-30	NotesSegmentInformationEtcSemiAnnualConsolidatedFinancialStatementsTextBlock	15	7	17	184	0	0	match
S100HFOG	83460	043000	2019-09-30	NotesSegmentInformationEtcSemiAnnualConsolidatedFinancialStatementsTextBlock	12	6	13	82	0	0	match
S100HFOJ	83490	043000	2019-09-30	NotesSegmentInformationEtcSemiAnnualConsolidatedFinancialStatementsTextBlock	15	7	18	191	0	0	match
S100HFUK	71840	043000	2019-09-30	NotesSegmentInformationEtcSemiAnnualConsolidatedFinancialStatementsTextBlock	15	7	17	188	0	0	match
S100HFUV	83590	043000	2019-09-30	NotesSegmentInformationEtcSemiAnnualConsolidatedFinancialStatementsTextBlock	15	7	17	174	0	0	match
S100HFUY	83430	043000	2019-09-30	NotesSegmentInformationEtcSemiAnnualConsolidatedFinancialStatementsTextBlock	15	7	16	164	0	0	match
S100HG40	73270	043000	2019-09-30	NotesSegmentInformationEtcSemiAnnualConsolidatedFinancialStatementsTextBlock	18	8	20	61	0	0	match
S100HG68	83580	043000	2019-09-30	NotesSegmentInformationEtcSemiAnnualConsolidatedFinancialStatementsTextBlock	11	5	12	76	0	0	match
S100HGAH	87660	043000	2019-09-30	NotesSegmentInformationEtcSemiAnnualConsolidatedFinancialStatementsTextBlock	18	8	20	198	0	0	match
S100HGD9	71610	043000	2019-09-30	NotesSegmentInformationEtcSemiAnnualConsolidatedFinancialStatementsTextBlock	16	8	18	168	0	0	match
S100HGDI	83620	043000	2019-09-30	NotesSegmentInformationEtcSemiAnnualConsolidatedFinancialStatementsTextBlock	15	7	17	150	0	0	match
S100HGFP	85220	043000	2019-09-30	NotesSegmentInformationEtcSemiAnnualConsolidatedFinancialStatementsTextBlock	18	8	26	146	0	0	match
S100HGGP	83950	043000	2019-09-30	NotesSegmentInformationEtcSemiAnnualConsolidatedFinancialStatementsTextBlock	19	9	21	142	0	0	match
S100HGI4	83920	043000	2019-09-30	NotesSegmentInformationEtcSemiAnnualConsolidatedFinancialStatementsTextBlock	14	6	16	124	0	0	match
S100HGIU	73220	043000	2019-09-30	NotesSegmentInformationEtcSemiAnnualConsolidatedFinancialStatementsTextBlock	15	7	17	140	0	0	match
S100HGKD	83380	043000	2019-09-30	NotesSegmentInformationEtcSemiAnnualConsolidatedFinancialStatementsTextBlock	15	7	17	192	0	0	match
S100HGLB	87500	043000	2019-09-30	NotesSegmentInformationEtcSemiAnnualConsolidatedFinancialStatementsTextBlock	13	5	14	190	0	0	match
S100HGNV	71730	043000	2019-09-30	NotesSegmentInformationEtcSemiAnnualConsolidatedFinancialStatementsTextBlock	15	7	24	150	0	0	match
S100HGNY	85410	043000	2019-09-30	NotesSegmentInformationEtcSemiAnnualConsolidatedFinancialStatementsTextBlock	14	6	16	184	0	0	match
S100HGPD	83990	043000	2019-09-30	NotesSegmentInformationEtcSemiAnnualConsolidatedFinancialStatementsTextBlock	15	7	17	126	0	0	match
S100HGPQ	83830	043000	2019-09-30	NotesSegmentInformationEtcSemiAnnualConsolidatedFinancialStatementsTextBlock	11	5	12	100	0	0	match
S100HGSO	83930	043000	2019-09-30	NotesSegmentInformationEtcSemiAnnualConsolidatedFinancialStatementsTextBlock	16	8	18	107	0	0	match
S100HGTA	83360	043000	2019-09-30	NotesSegmentInformationEtcSemiAnnualConsolidatedFinancialStatementsTextBlock	18	8	26	146	0	0	match
S100HGUR	83340	043000	2019-09-30	NotesSegmentInformationEtcSemiAnnualConsolidatedFinancialStatementsTextBlock	15	7	17	199	0	0	match
S100HGZQ	87140	043000	2019-09-30	NotesSegmentInformationEtcSemiAnnualConsolidatedFinancialStatementsTextBlock	15	7	17	178	0	0	match
S100HH3R	71890	043000	2019-09-30	NotesSegmentInformationEtcSemiAnnualConsolidatedFinancialStatementsTextBlock	11	5	12	92	0	0	match
S100HH4C	71500	043000	2019-09-30	NotesSegmentInformationEtcSemiAnnualConsolidatedFinancialStatementsTextBlock	16	8	19	140	0	0	match
S100HH56	61780	043000	2019-09-30	NotesSegmentInformationEtcSemiAnnualConsolidatedFinancialStatementsTextBlock	20	6	28	373	0	0	match
S100HH6G	83040	043000	2019-09-30	NotesSegmentInformationEtcSemiAnnualConsolidatedFinancialStatementsTextBlock	30	23	23	66	0	0	match
S100HHBA	85420	043000	2019-09-30	NotesSegmentInformationEtcSemiAnnualConsolidatedFinancialStatementsTextBlock	15	7	17	114	0	0	match
S100HHDT	71800	043000	2019-09-30	NotesSegmentInformationEtcSemiAnnualConsolidatedFinancialStatementsTextBlock	21	9	23	134	0	0	match
S100HHHU	83650	043000	2019-09-30	NotesSegmentInformationEtcSemiAnnualConsolidatedFinancialStatementsTextBlock	16	8	18	114	0	0	match
S100HHJE	83670	043000	2019-09-30	NotesSegmentInformationEtcSemiAnnualConsolidatedFinancialStatementsTextBlock	15	7	17	162	0	0	match
S100HHQZ	87150	043000	2019-09-30	NotesSegmentInformationEtcSemiAnnualConsolidatedFinancialStatementsTextBlock	9	3	11	92	0	0	match
S100HHTZ	87950	043000	2019-09-30	NotesSegmentInformationEtcSemiAnnualConsolidatedFinancialStatementsTextBlock	14	4	16	274	0	0	match
S100HL3Z	96270	043000	2019-10-31	NotesSegmentInformationEtcQuarterlyConsolidatedFinancialStatementsTextBlock	16	4	17	30	0	0	match
S100HLA6	94440	043000	2019-10-31	NotesSegmentInformationEtcQuarterlyConsolidatedFinancialStatementsTextBlock	19	4	21	39	0	0	match
S100HMZR	71480	030000	2019-09-30	NotesSegmentInformationEtcConsolidatedFinancialStatementsTextBlock	19	7	22	37	0	0	match
S100IA57	75310	030000	2019-12-31	NotesSegmentInformationEtcConsolidatedFinancialStatementsTextBlock	15	3	15	20	0	0	match
S100IG06	70650	043000	2020-02-29	NotesSegmentInformationEtcQuarterlyConsolidatedFinancialStatementsTextBlock	12	3	13	25	0	0	match
S100IJSE	36360	043000	2020-03-31	NotesSegmentInformationEtcQuarterlyConsolidatedFinancialStatementsTextBlock	12	3	13	25	0	0	match
S100IKPN	71480	043000	2020-03-31	NotesSegmentInformationEtcQuarterlyConsolidatedFinancialStatementsTextBlock	16	4	19	38	0	0	match
S100IL86	82760	030000	2020-02-20	NotesSegmentInformationEtcConsolidatedFinancialStatementsTextBlock	11	3	13	148	0	0	match
S100ILEN	78060	043000	2020-03-31	NotesSegmentInformationEtcQuarterlyConsolidatedFinancialStatementsTextBlock	32	8	33	50	0	0	match
S100INCS	81940	030000	2020-02-29	NotesSegmentInformationEtcConsolidatedFinancialStatementsTextBlock	8	2	9	80	0	0	match
S100IP2V	80050	030000	2020-03-31	NotesSegmentInformationEtcConsolidatedFinancialStatementsTextBlock	32	8	33	269	0	0	match
S100IQG2	57240	043000	2020-03-31	NotesSegmentInformationEtcQuarterlyConsolidatedFinancialStatementsTextBlock	20	5	23	35	0	0	match
S100IQGD	30040	030000	2020-03-31	NotesSegmentInformationEtcConsolidatedFinancialStatementsTextBlock	19	4	20	121	0	0	match
S100IQNM	80140	030000	2020-03-31	NotesSegmentInformationEtcConsolidatedFinancialStatementsTextBlock	19	4	21	184	0	0	match
S100IQVC	54100	030000	2020-03-31	NotesSegmentInformationEtcConsolidatedFinancialStatementsTextBlock	15	3	15	138	0	0	match
S100IQYU	85510	030000	2020-03-31	NotesSegmentInformationEtcConsolidatedFinancialStatementsTextBlock	16	8	17	109	0	0	match
S100IRHJ	23730	043000	2020-04-30	NotesSegmentInformationEtcQuarterlyConsolidatedFinancialStatementsTextBlock	16	4	19	38	0	0	match
S100IRRA	95030	030000	2020-03-31	NotesSegmentInformationEtcConsolidatedFinancialStatementsTextBlock	23	5	23	155	0	0	match
S100IS07	59330	030000	2020-03-20	NotesSegmentInformationEtcConsolidatedFinancialStatementsTextBlock	19	4	20	122	0	0	match
S100IS9R	19610	030000	2020-03-31	NotesSegmentInformationEtcConsolidatedFinancialStatementsTextBlock	23	5	25	250	0	0	match
S100ISGV	83590	030000	2020-03-31	NotesSegmentInformationEtcConsolidatedFinancialStatementsTextBlock	15	7	17	182	0	0	match
S100ISJL	99500	030000	2020-03-20	NotesSegmentInformationEtcConsolidatedFinancialStatementsTextBlock	11	3	12	98	0	0	match
S100ISQU	98780	030000	2020-03-20	NotesSegmentInformationEtcFinancialStatementsTextBlock	16	4	17	78	0	0	match
S100IT2U	61780	030000	2020-03-31	NotesSegmentInformationEtcConsolidatedFinancialStatementsTextBlock	20	6	28	397	0	0	match
S100IT9T	27600	030000	2020-03-31	NotesSegmentInformationEtcConsolidatedFinancialStatementsTextBlock	11	2	11	86	0	0	match
S100ITLS	84100	030000	2020-03-31	NotesSegmentInformationEtcConsolidatedFinancialStatementsTextBlock	8	2	9	116	0	0	match
S100ITNY	83680	030000	2020-03-31	NotesSegmentInformationEtcConsolidatedFinancialStatementsTextBlock	15	7	17	199	0	0	match
S100ITSR	83440	030000	2020-03-31	NotesSegmentInformationEtcConsolidatedFinancialStatementsTextBlock	18	8	20	147	0	0	match
S100ITVZ	87500	030000	2020-03-31	NotesSegmentInformationEtcConsolidatedFinancialStatementsTextBlock	13	5	14	196	0	0	match
S100ITWR	83580	030000	2020-03-31	NotesSegmentInformationEtcConsolidatedFinancialStatementsTextBlock	10	4	11	80	0	0	match
S100IU30	83990	030000	2020-03-31	NotesSegmentInformationEtcConsolidatedFinancialStatementsTextBlock	11	3	13	135	0	0	match
S100IU4H	46150	030000	2020-03-31	NotesSegmentInformationEtcConsolidatedFinancialStatementsTextBlock	8	2	10	84	0	0	match
S100IUH5	71800	030000	2020-03-31	NotesSegmentInformationEtcConsolidatedFinancialStatementsTextBlock	21	9	23	143	0	0	match
S100IUHK	73220	030000	2020-03-31	NotesSegmentInformationEtcConsolidatedFinancialStatementsTextBlock	15	7	17	166	0	0	match
S100IUKB	84390	030000	2020-03-31	NotesSegmentInformationEtcConsolidatedFinancialStatementsTextBlock	29	11	31	191	0	0	match
S100IUMI	85620	030000	2020-03-31	NotesSegmentInformationEtcConsolidatedFinancialStatementsTextBlock	11	3	10	109	0	0	match
S100IUXN	83640	030000	2020-03-31	NotesSegmentInformationEtcConsolidatedFinancialStatementsTextBlock	15	7	23	133	0	0	match
S100IUY3	83610	030000	2020-03-31	NotesSegmentInformationEtcConsolidatedFinancialStatementsTextBlock	18	8	20	152	0	0	match
S100IUYL	73260	030000	2020-03-31	NotesSegmentInformationEtcConsolidatedFinancialStatementsTextBlock	11	3	12	125	0	0	match
S100IV1Y	34200	030000	2020-03-31	NotesSegmentInformationEtcConsolidatedFinancialStatementsTextBlock	21	9	21	59	0	0	match
S100IV7R	83620	030000	2020-03-31	NotesSegmentInformationEtcConsolidatedFinancialStatementsTextBlock	15	7	17	158	0	0	match
S100IVBT	90390	030000	2020-03-31	NotesSegmentInformationEtcConsolidatedFinancialStatementsTextBlock	28	10	30	184	0	0	match
S100IVGB	83450	030000	2020-03-31	NotesSegmentInformationEtcConsolidatedFinancialStatementsTextBlock	14	6	16	142	0	0	match
S100IVIT	83490	030000	2020-03-31	NotesSegmentInformationEtcConsolidatedFinancialStatementsTextBlock	14	6	16	199	0	0	match
S100IW06	91040	030000	2020-03-31	NotesSegmentInformationEtcConsolidatedFinancialStatementsTextBlock	28	7	31	263	0	0	match
S100IW0B	87660	030000	2020-03-31	NotesSegmentInformationEtcConsolidatedFinancialStatementsTextBlock	18	8	20	209	0	0	match
S100IW5A	83830	030000	2020-03-31	NotesSegmentInformationEtcConsolidatedFinancialStatementsTextBlock	11	5	12	105	0	0	match
S100IW5Y	46800	030000	2020-03-31	NotesSegmentInformationEtcConsolidatedFinancialStatementsTextBlock	14	4	16	115	0	0	match
S100IW7O	95130	030000	2020-03-31	NotesSegmentInformationEtcConsolidatedFinancialStatementsTextBlock	14	4	15	156	0	0	match
S100IWQ1	71610	030000	2020-03-31	NotesSegmentInformationEtcConsolidatedFinancialStatementsTextBlock	16	8	18	176	0	0	match
S100IWR8	79710	030000	2020-03-31	NotesSegmentInformationEtcConsolidatedFinancialStatementsTextBlock	13	4	13	93	0	0	match
S100IWT8	83380	030000	2020-03-31	NotesSegmentInformationEtcConsolidatedFinancialStatementsTextBlock	15	7	17	221	0	0	match
S100IWVL	83340	030000	2020-03-31	NotesSegmentInformationEtcConsolidatedFinancialStatementsTextBlock	15	7	17	217	0	0	match
S100IWYO	85240	030000	2020-03-31	NotesSegmentInformationEtcConsolidatedFinancialStatementsTextBlock	15	7	17	162	0	0	match
S100IX0H	32930	030000	2020-03-31	NotesSegmentInformationEtcConsolidatedFinancialStatementsTextBlock	23	5	27	175	0	0	match
S100IX2E	87140	030000	2020-03-31	NotesSegmentInformationEtcConsolidatedFinancialStatementsTextBlock	15	7	17	186	0	0	match
S100IX5V	73270	030000	2020-03-31	NotesSegmentInformationEtcConsolidatedFinancialStatementsTextBlock	18	8	20	146	0	0	match
S100IX6G	83460	030000	2020-03-31	NotesSegmentInformationEtcConsolidatedFinancialStatementsTextBlock	15	7	16	108	0	0	match
S100IX6W	65900	030000	2020-03-31	NotesSegmentInformationEtcConsolidatedFinancialStatementsTextBlock	19	4	19	97	0	0	match
S100IX79	83430	030000	2020-03-31	NotesSegmentInformationEtcConsolidatedFinancialStatementsTextBlock	15	7	16	162	0	0	match
S100IXA6	54060	030000	2020-03-31	FootnotesRegardingSegmentInformationTableTextBlock | NotesSegmentInformationEtcConsolidatedFinancialStatementsTextBlock	35	8	37	384	0	0	match
S100IXE9	54580	030000	2020-03-31	NotesSegmentInformationEtcConsolidatedFinancialStatementsTextBlock	12	3	13	70	0	0	match
S100IXH4	64670	030000	2020-03-31	NotesSegmentInformationEtcConsolidatedFinancialStatementsTextBlock	15	3	15	111	0	0	match
S100IXNM	81030	030000	2020-03-31	NotesSegmentInformationEtcConsolidatedFinancialStatementsTextBlock	23	5	27	255	0	0	match
S100IXO9	62920	030000	2020-03-31	NotesSegmentInformationEtcConsolidatedFinancialStatementsTextBlock	26	11	27	112	0	0	match
S100IXWY	83650	030000	2020-03-31	NotesSegmentInformationEtcConsolidatedFinancialStatementsTextBlock	16	8	18	131	0	0	match
S100IXWZ	87290	030000	2020-03-31	NotesSegmentInformationEtcConsolidatedFinancialStatementsTextBlock	18	8	25	168	0	0	match
S100IYD1	29150	030000	2020-03-31	NotesSegmentInformationEtcConsolidatedFinancialStatementsTextBlock	15	3	17	144	0	0	match
S100IYEG	83920	030000	2020-03-31	NotesSegmentInformationEtcConsolidatedFinancialStatementsTextBlock	14	6	16	130	0	0	match
S100IYFJ	71500	030000	2020-03-31	NotesSegmentInformationEtcConsolidatedFinancialStatementsTextBlock	15	7	17	211	0	0	match
S100IYG9	86010	030000	2020-03-31	NotesSegmentInformationEtcConsolidatedFinancialStatementsTextBlock	17	5	22	164	0	0	match
S100IYGI	33920	030000	2020-03-31	NotesSegmentInformationEtcConsolidatedFinancialStatementsTextBlock	18	4	18	118	0	0	match
S100IYLO	77020	030000	2020-03-31	NotesSegmentInformationEtcConsolidatedFinancialStatementsTextBlock	32	11	36	179	0	0	match
S100IYP9	83040	030000	2020-03-31	NotesSegmentInformationEtcConsolidatedFinancialStatementsTextBlock	30	23	23	66	0	0	match
S100IYPU	89340	030000	2020-03-31	NotesSegmentInformationEtcConsolidatedFinancialStatementsTextBlock	19	4	21	188	0	0	match
S100IZ5C	34330	030000	2020-03-31	NotesSegmentInformationEtcConsolidatedFinancialStatementsTextBlock	19	4	21	137	0	0	match
S100IZ7P	96280	030000	2020-03-31	FootnotesRegardingSegmentInformationTableTextBlock | NotesSegmentInformationEtcConsolidatedFinancialStatementsTextBlock	20	5	21	121	0	0	match
S100IZ8B	90670	030000	2020-03-31	NotesSegmentInformationEtcConsolidatedFinancialStatementsTextBlock	22	10	23	127	0	0	match
S100IZAZ	30360	030000	2020-03-31	NotesSegmentInformationEtcConsolidatedFinancialStatementsTextBlock	19	4	20	148	0	0	match
S100IZDD	84160	030000	2020-03-31	NotesSegmentInformationEtcConsolidatedFinancialStatementsTextBlock	16	8	18	150	0	0	match
S100IZHU	42280	030000	2020-03-31	FootnotesRegardingSegmentInformationTableTextBlock | NotesSegmentInformationEtcConsolidatedFinancialStatementsTextBlock	12	3	13	139	0	0	match
S100IZK7	80810	030000	2020-03-31	NotesSegmentInformationEtcConsolidatedFinancialStatementsTextBlock	24	9	25	81	0	0	match
S100IZL9	80750	030000	2020-03-31	NotesSegmentInformationEtcConsolidatedFinancialStatementsTextBlock	27	6	29	258	0	0	match
S100IZPG	95010	030000	2020-03-31	NotesSegmentInformationEtcConsolidatedFinancialStatementsTextBlock	20	5	21	158	0	0	match
S100IZU2	71730	030000	2020-03-31	NotesSegmentInformationEtcConsolidatedFinancialStatementsTextBlock	16	8	24	159	0	0	match
S100IZUI	83930	030000	2020-03-31	NotesSegmentInformationEtcConsolidatedFinancialStatementsTextBlock	16	8	18	113	0	0	match
S100J023	15140	030000	2020-03-31	NotesSegmentInformationEtcConsolidatedFinancialStatementsTextBlock	15	3	16	85	0	0	match
S100J02G	83360	030000	2020-03-31	NotesSegmentInformationEtcConsolidatedFinancialStatementsTextBlock	18	8	26	155	0	0	match
S100J02W	85410	030000	2020-03-31	NotesSegmentInformationEtcConsolidatedFinancialStatementsTextBlock	14	6	16	203	0	0	match
S100J0BO	83370	030000	2020-03-31	NotesSegmentInformationEtcConsolidatedFinancialStatementsTextBlock	18	8	20	215	0	0	match
S100J0BW	95020	030000	2020-03-31	NotesSegmentInformationEtcConsolidatedFinancialStatementsTextBlock	13	4	14	160	0	0	match
S100J0C7	83700	030000	2020-03-31	NotesSegmentInformationEtcConsolidatedFinancialStatementsTextBlock	7	3	9	139	0	0	match
S100J0KM	56030	030000	2020-03-31	NotesSegmentInformationEtcConsolidatedFinancialStatementsTextBlock	16	4	19	99	0	0	match
S100J0MC	87950	030000	2020-03-31	NotesSegmentInformationEtcConsolidatedFinancialStatementsTextBlock	14	4	16	282	0	0	match
S100J0PG	83950	030000	2020-03-31	NotesSegmentInformationEtcConsolidatedFinancialStatementsTextBlock	19	9	21	149	0	0	match
S100J0Q8	74190	030000	2020-03-31	NotesSegmentInformationEtcConsolidatedFinancialStatementsTextBlock	23	5	25	254	0	0	match
S100J0S7	57060	030000	2020-03-31	NotesSegmentInformationEtcConsolidatedFinancialStatementsTextBlock	19	4	19	171	0	0	match
S100J0U8	69820	030000	2020-03-31	NotesSegmentInformationEtcFinancialStatementsTextBlock	18	5	20	137	0	0	match
S100J0WB	87070	030000	2020-03-31	NotesSegmentInformationEtcConsolidatedFinancialStatementsTextBlock	14	10	11	119	0	0	match
S100J19A	80970	030000	2020-03-31	NotesSegmentInformationEtcConsolidatedFinancialStatementsTextBlock	15	3	16	144	0	0	match
S100J1C7	99060	030000	2020-03-31	NotesSegmentInformationEtcConsolidatedFinancialStatementsTextBlock	23	5	23	156	0	0	match
S100J1E1	71840	030000	2020-03-31	NotesSegmentInformationEtcConsolidatedFinancialStatementsTextBlock	15	7	17	193	0	0	match
S100J1EQ	71620	030000	2020-03-31	NotesSegmentInformationEtcConsolidatedFinancialStatementsTextBlock	17	5	19	348	0	0	match
S100J1HX	83810	030000	2020-03-31	NotesSegmentInformationEtcConsolidatedFinancialStatementsTextBlock	15	7	17	193	0	0	match
S100J1PV	85420	030000	2020-03-31	NotesSegmentInformationEtcConsolidatedFinancialStatementsTextBlock	15	7	17	131	0	0	match
S100J1QG	85630	030000	2020-03-31	NotesSegmentInformationEtcConsolidatedFinancialStatementsTextBlock	15	7	17	184	0	0	match
S100J20X	34220	030000	2020-03-31	NotesSegmentInformationEtcConsolidatedFinancialStatementsTextBlock	19	4	16	112	0	0	match
S100J247	81500	030000	2020-03-31	NotesSegmentInformationEtcConsolidatedFinancialStatementsTextBlock	12	3	13	83	0	0	match
S100J2FF	91010	030000	2020-03-31	NotesSegmentInformationEtcConsolidatedFinancialStatementsTextBlock	29	8	27	249	0	0	match
S100J2HZ	83860	030000	2020-03-31	NotesSegmentInformationEtcConsolidatedFinancialStatementsTextBlock	15	7	17	253	0	0	match
S100J2Q1	85220	030000	2020-03-31	NotesSegmentInformationEtcConsolidatedFinancialStatementsTextBlock	18	8	26	153	0	0	match
S100J2R8	88770	030000	2020-03-31	NotesSegmentInformationEtcConsolidatedFinancialStatementsTextBlock	12	3	15	106	0	0	match
S100J2UW	60920	030000	2020-03-31	NotesSegmentInformationEtcConsolidatedFinancialStatementsTextBlock	15	3	15	113	0	0	match
S100J33L	71890	030000	2020-03-31	NotesSegmentInformationEtcConsolidatedFinancialStatementsTextBlock	11	5	12	98	0	0	match
S100J37F	83670	030000	2020-03-31	NotesSegmentInformationEtcConsolidatedFinancialStatementsTextBlock	15	7	17	167	0	0	match
S100J3BV	48380	030000	2020-03-31	NotesSegmentInformationEtcConsolidatedFinancialStatementsTextBlock	11	2	11	123	0	0	match
S100J3IR	66250	030000	2020-03-31	NotesSegmentInformationEtcConsolidatedFinancialStatementsTextBlock	15	3	17	95	0	0	match
S100J441	81230	030000	2020-03-31	NotesSegmentInformationEtcConsolidatedFinancialStatementsTextBlock	11	2	11	71	0	0	match
S100J8ID	57140	030000	2020-03-31	NotesSegmentInformationEtcConsolidatedFinancialStatementsTextBlock	27	6	29	221	0	0	match
S100J8X6	96270	030000	2020-04-30	NotesSegmentInformationEtcConsolidatedFinancialStatementsTextBlock	15	3	15	106	0	0	match
S100JBA4	87150	030000	2020-03-31	NotesSegmentInformationEtcConsolidatedFinancialStatementsTextBlock	8	2	9	118	0	0	match
S100JBBN	64400	043000	2020-06-30	NotesSegmentInformationEtcQuarterlyConsolidatedFinancialStatementsTextBlock	16	4	19	38	0	0	match
S100JCDE	94440	030000	2020-04-30	NotesSegmentInformationEtcConsolidatedFinancialStatementsTextBlock	19	4	23	139	0	0	match
S100JFDL	49670	043000	2020-06-30	NotesSegmentInformationEtcQuarterlyConsolidatedFinancialStatementsTextBlock	20	5	23	43	0	0	match
S100JGH6	75310	043000	2020-06-30	NotesSegmentInformationEtcQuarterlyConsolidatedFinancialStatementsTextBlock	16	4	17	30	0	0	match
S100JGR2	37880	043000	2020-06-30	NotesSegmentInformationEtcQuarterlyConsolidatedFinancialStatementsTextBlock	16	4	17	30	0	0	match
S100JIT5	36830	043000	2020-06-30	NotesSegmentInformationEtcQuarterlyConsolidatedFinancialStatementsTextBlock	12	3	13	8	0	0	match
S100JIYO	81790	043000	2020-06-30	NotesSegmentInformationEtcQuarterlyConsolidatedFinancialStatementsTextBlock	21	7	24	60	0	0	match
S100JK3R	77220	030000	2020-03-31	NotesSegmentInformationEtcConsolidatedFinancialStatementsTextBlock	27	6	31	135	0	0	match
S100JTM5	82760	043000	2020-08-20	NotesSegmentInformationEtcQuarterlyConsolidatedFinancialStatementsTextBlock	12	4	15	42	0	0	match
S100JVXK	81940	043000	2020-08-31	NotesSegmentInformationEtcQuarterlyConsolidatedFinancialStatementsTextBlock	9	3	11	28	0	0	match
S100JX6J	95050	043000	2020-09-30	NotesSegmentInformationEtcQuarterlyConsolidatedFinancialStatementsTextBlock	19	7	23	26	0	0	match
S100JYRE	30040	043000	2020-09-30	NotesSegmentInformationEtcQuarterlyConsolidatedFinancialStatementsTextBlock	19	4	19	29	0	0	match
S100JYWC	30360	043000	2020-09-30	NotesSegmentInformationEtcQuarterlyConsolidatedFinancialStatementsTextBlock	19	4	19	29	0	0	match
S100JZ5G	54100	043000	2020-09-30	NotesSegmentInformationEtcQuarterlyConsolidatedFinancialStatementsTextBlock	12	4	14	18	0	0	match
S100JZ9U	95030	043000	2020-09-30	NotesSegmentInformationEtcQuarterlyConsolidatedFinancialStatementsTextBlock	28	7	29	45	0	0	match
S100JZTK	59330	043000	2020-09-20	NotesSegmentInformationEtcQuarterlyConsolidatedFinancialStatementsTextBlock	20	5	21	35	0	0	match
S100K00A	95130	043000	2020-09-30	NotesSegmentInformationEtcQuarterlyConsolidatedFinancialStatementsTextBlock	15	5	17	40	0	0	match
S100K06V	95020	043000	2020-09-30	NotesSegmentInformationEtcQuarterlyConsolidatedFinancialStatementsTextBlock	14	5	16	49	0	0	match
S100K09X	99500	043000	2020-09-20	NotesSegmentInformationEtcQuarterlyConsolidatedFinancialStatementsTextBlock	12	4	14	34	0	0	match
S100K0C3	99910	043000	2020-09-30	NotesSegmentInformationEtcQuarterlyConsolidatedFinancialStatementsTextBlock	12	3	13	25	0	0	match
S100K0IQ	98780	043000	2020-09-20	NotesSegmentInformationEtcQuarterlyFinancialStatementsTextBlock	21	6	23	31	0	0	match
S100K0OJ	80140	043000	2020-09-30	NotesSegmentInformationEtcQuarterlyConsolidatedFinancialStatementsTextBlock	20	5	23	43	0	0	match
S100K0OO	84390	043000	2020-09-30	NotesSegmentInformationEtcQuarterlyConsolidatedFinancialStatementsTextBlock	24	6	27	48	0	0	match
S100K0PR	95060	043000	2020-09-30	NotesSegmentInformationEtcQuarterlyConsolidatedFinancialStatementsTextBlock	21	6	25	39	0	0	match
S100K0R8	80810	043000	2020-09-30	NotesSegmentInformationEtcQuarterlyConsolidatedFinancialStatementsTextBlock	19	4	19	31	0	0	match
S100K0RW	34220	043000	2020-09-30	NotesSegmentInformationEtcQuarterlyConsolidatedFinancialStatementsTextBlock	19	4	15	29	0	0	match
S100K0UT	34200	043000	2020-09-30	NotesSegmentInformationEtcQuarterlyConsolidatedFinancialStatementsTextBlock	14	5	14	16	0	0	match
S100K0VO	80780	043000	2020-09-30	NotesSegmentInformationEtcQuarterlyConsolidatedFinancialStatementsTextBlock	30	6	31	60	0	0	match
S100K16O	93060	043000	2020-09-30	NotesSegmentInformationEtcQuarterlyConsolidatedFinancialStatementsTextBlock	8	2	9	24	0	0	match
S100K1A2	15140	043000	2020-09-30	NotesSegmentInformationEtcQuarterlyConsolidatedFinancialStatementsTextBlock	15	3	15	24	0	0	match
S100K1FI	75080	043000	2020-09-30	NotesSegmentInformationEtcQuarterlyConsolidatedFinancialStatementsTextBlock	20	5	23	43	0	0	match
S100K1ID	95090	043000	2020-09-30	NotesSegmentInformationEtcQuarterlyConsolidatedFinancialStatementsTextBlock	19	7	25	30	0	0	match
S100K1KR	87070	043000	2020-09-30	NotesSegmentInformationEtcQuarterlyConsolidatedFinancialStatementsTextBlock	11	7	8	72	0	0	match
S100K1PH	91070	043000	2020-09-30	NotesSegmentInformationEtcQuarterlyConsolidatedFinancialStatementsTextBlock	20	5	21	35	0	0	match
S100K1S9	27600	043000	2020-09-30	NotesSegmentInformationEtcQuarterlyConsolidatedFinancialStatementsTextBlock	12	3	13	25	0	0	match
S100K1SG	46150	043000	2020-09-30	NotesSegmentInformationEtcQuarterlyConsolidatedFinancialStatementsTextBlock	8	2	8	10	0	0	match
S100K1T5	41820	043000	2020-09-30	NotesSegmentInformationEtcQuarterlyConsolidatedFinancialStatementsTextBlock	13	4	14	24	0	0	match
S100K1WN	81500	043000	2020-09-30	NotesSegmentInformationEtcQuarterlyConsolidatedFinancialStatementsTextBlock	10	4	10	11	0	0	match
S100K1Z4	62920	043000	2020-09-30	FootnotesRegardingSegmentInformationTableTextBlock | NotesSegmentInformationEtcQuarterlyConsolidatedFinancialStatementsTextBlock	20	5	21	39	0	0	match
S100K1ZZ	83860	043000	2020-09-30	NotesSegmentInformationEtcSemiAnnualConsolidatedFinancialStatementsTextBlock	15	7	17	198	0	0	match
S100K2NT	32930	043000	2020-09-30	NotesSegmentInformationEtcQuarterlyConsolidatedFinancialStatementsTextBlock	23	5	25	42	0	0	match
S100K2PB	85110	043000	2020-09-30	NotesSegmentInformationEtcQuarterlyConsolidatedFinancialStatementsTextBlock	11	3	12	30	0	0	match
S100K2WB	86010	043000	2020-09-30	NotesSegmentInformationEtcQuarterlyConsolidatedFinancialStatementsTextBlock	17	5	19	48	0	0	match
S100K2Y3	19610	043000	2020-09-30	NotesSegmentInformationEtcQuarterlyConsolidatedFinancialStatementsTextBlock	18	6	20	22	0	0	match
S100K32F	77020	043000	2020-09-30	NotesSegmentInformationEtcQuarterlyConsolidatedFinancialStatementsTextBlock	27	6	29	47	0	0	match
S100K342	95010	043000	2020-09-30	NotesSegmentInformationEtcQuarterlyConsolidatedFinancialStatementsTextBlock	24	6	25	40	0	0	match
S100K353	90390	043000	2020-09-30	NotesSegmentInformationEtcQuarterlyConsolidatedFinancialStatementsTextBlock	24	6	27	48	0	0	match
S100K35F	84100	043000	2020-09-30	NotesSegmentInformationEtcSemiAnnualConsolidatedFinancialStatementsTextBlock	8	2	9	96	0	0	match
S100K362	83610	043000	2020-09-30	NotesSegmentInformationEtcSemiAnnualConsolidatedFinancialStatementsTextBlock	19	9	22	144	0	0	match
S100K383	91040	043000	2020-09-30	NotesSegmentInformationEtcQuarterlyConsolidatedFinancialStatementsTextBlock	28	7	31	53	0	0	match
S100K3AU	80970	043000	2020-09-30	NotesSegmentInformationEtcQuarterlyConsolidatedFinancialStatementsTextBlock	16	4	17	30	0	0	match
S100K3B0	80050	043000	2020-09-30	NotesSegmentInformationEtcQuarterlyConsolidatedFinancialStatementsTextBlock	28	7	29	45	0	0	match
S100K3D7	57060	043000	2020-09-30	NotesSegmentInformationEtcQuarterlyConsolidatedFinancialStatementsTextBlock	20	5	21	35	0	0	match
S100K3EO	64670	043000	2020-09-30	NotesSegmentInformationEtcQuarterlyConsolidatedFinancialStatementsTextBlock	16	4	17	30	0	0	match
S100K3IP	65900	043000	2020-09-30	NotesSegmentInformationEtcQuarterlyConsolidatedFinancialStatementsTextBlock	19	4	19	31	0	0	match
S100K3K2	95080	043000	2020-09-30	NotesSegmentInformationEtcQuarterlyConsolidatedFinancialStatementsTextBlock	19	7	22	42	0	0	match
S100K3LO	79710	043000	2020-09-30	NotesSegmentInformationEtcQuarterlyConsolidatedFinancialStatementsTextBlock	12	3	13	25	0	0	match
S100K3S7	57140	043000	2020-09-30	NotesSegmentInformationEtcQuarterlyConsolidatedFinancialStatementsTextBlock	28	7	31	53	0	0	match
S100K3TH	83340	043000	2020-09-30	NotesSegmentInformationEtcSemiAnnualConsolidatedFinancialStatementsTextBlock	15	7	17	210	0	0	match
S100K3UU	80750	043000	2020-09-30	NotesSegmentInformationEtcQuarterlyConsolidatedFinancialStatementsTextBlock	28	7	29	45	0	0	match
S100K45X	89340	043000	2020-09-30	NotesSegmentInformationEtcQuarterlyConsolidatedFinancialStatementsTextBlock	15	5	17	20	0	0	match
S100K46Y	38350	043000	2020-09-30	NotesSegmentInformationEtcQuarterlyConsolidatedFinancialStatementsTextBlock	12	3	13	25	0	0	match
S100K492	50210	043000	2020-09-30	NotesSegmentInformationEtcQuarterlyConsolidatedFinancialStatementsTextBlock	17	5	18	29	0	0	match
S100K4B7	34330	043000	2020-09-30	NotesSegmentInformationEtcQuarterlyConsolidatedFinancialStatementsTextBlock	20	5	23	43	0	0	match
S100K4FS	91010	043000	2020-09-30	NotesSegmentInformationEtcQuarterlyConsolidatedFinancialStatementsTextBlock	28	7	29	45	0	0	match
S100K4JV	56030	043000	2020-09-30	NotesSegmentInformationEtcQuarterlyConsolidatedFinancialStatementsTextBlock	16	4	19	38	0	0	match
S100K4NM	85240	043000	2020-09-30	NotesSegmentInformationEtcSemiAnnualConsolidatedFinancialStatementsTextBlock	16	8	19	148	0	0	match
S100K4W4	83700	043000	2020-09-30	NotesSegmentInformationEtcSemiAnnualConsolidatedFinancialStatementsTextBlock	9	3	9	131	0	0	match
S100K4WO	49780	043000	2020-09-30	NotesSegmentInformationEtcQuarterlyConsolidatedFinancialStatementsTextBlock	12	3	13	25	0	0	match
S100K4XC	54580	043000	2020-09-30	NotesSegmentInformationEtcQuarterlyConsolidatedFinancialStatementsTextBlock	12	3	13	25	0	0	match
S100K50C	69820	043000	2020-09-30	NotesSegmentInformationEtcQuarterlyFinancialStatementsTextBlock	13	4	14	19	0	0	match
S100K58V	60920	043000	2020-09-30	NotesSegmentInformationEtcQuarterlyConsolidatedFinancialStatementsTextBlock	16	4	17	30	0	0	match
S100K5TS	33920	043000	2020-09-30	NotesSegmentInformationEtcQuarterlyConsolidatedFinancialStatementsTextBlock	19	5	20	36	0	0	match
S100K5V0	19110	043000	2020-09-30	NotesSegmentInformationEtcQuarterlyConsolidatedFinancialStatementsTextBlock	24	6	27	48	0	0	match
S100K5X5	71620	043000	2020-09-30	NotesSegmentInformationEtcQuarterlyConsolidatedFinancialStatementsTextBlock	23	9	24	61	0	0	match
S100K67L	90670	043000	2020-09-30	NotesSegmentInformationEtcQuarterlyConsolidatedFinancialStatementsTextBlock	18	6	20	46	0	0	match
S100K69D	96280	043000	2020-09-30	FootnotesRegardingSegmentInformationTableTextBlock | NotesSegmentInformationEtcQuarterlyConsolidatedFinancialStatementsTextBlock	20	5	21	43	0	0	match
S100K69M	52610	043000	2020-09-30	NotesSegmentInformationEtcQuarterlyConsolidatedFinancialStatementsTextBlock	28	7	29	45	0	0	match
S100K6G6	66660	043000	2020-09-30	NotesSegmentInformationEtcQuarterlyConsolidatedFinancialStatementsTextBlock	11	2	13	29	0	0	match
S100K6JQ	88770	043000	2020-09-30	NotesSegmentInformationEtcQuarterlyConsolidatedFinancialStatementsTextBlock	12	3	15	33	0	0	match
S100K6KC	42280	043000	2020-09-30	FootnotesRegardingSegmentInformationTableTextBlock | NotesSegmentInformationEtcQuarterlyConsolidatedFinancialStatementsTextBlock	12	3	13	29	0	0	match
S100K6LW	99060	043000	2020-09-30	NotesSegmentInformationEtcQuarterlyConsolidatedFinancialStatementsTextBlock	23	5	23	34	0	0	match
S100K6XA	33710	043000	2020-09-30	NotesSegmentInformationEtcQuarterlyConsolidatedFinancialStatementsTextBlock	16	4	17	30	0	0	match
S100K74D	66250	043000	2020-09-30	NotesSegmentInformationEtcQuarterlyConsolidatedFinancialStatementsTextBlock	16	4	19	38	0	0	match
S100K781	74190	043000	2020-09-30	NotesSegmentInformationEtcQuarterlyConsolidatedFinancialStatementsTextBlock	24	6	27	48	0	0	match
S100K798	29150	043000	2020-09-30	NotesSegmentInformationEtcQuarterlyConsolidatedFinancialStatementsTextBlock	16	4	19	38	0	0	match
S100K7H4	83680	043000	2020-09-30	NotesSegmentInformationEtcSemiAnnualConsolidatedFinancialStatementsTextBlock	15	7	17	184	0	0	match
S100K7IO	73260	043000	2020-09-30	NotesSegmentInformationEtcSemiAnnualConsolidatedFinancialStatementsTextBlock	12	4	14	110	0	0	match
S100K7JF	85500	043000	2020-09-30	NotesSegmentInformationEtcSemiAnnualConsolidatedFinancialStatementsTextBlock	15	7	17	124	0	0	match
S100K7K7	83640	043000	2020-09-30	NotesSegmentInformationEtcSemiAnnualConsolidatedFinancialStatementsTextBlock	15	7	23	96	0	0	match
S100K7OP	83440	043000	2020-09-30	NotesSegmentInformationEtcSemiAnnualConsolidatedFinancialStatementsTextBlock	18	8	20	144	0	0	match
S100K7RR	83370	043000	2020-09-30	NotesSegmentInformationEtcSemiAnnualConsolidatedFinancialStatementsTextBlock	18	8	20	202	0	0	match
S100K7V0	87660	043000	2020-09-30	NotesSegmentInformationEtcSemiAnnualConsolidatedFinancialStatementsTextBlock	18	8	20	198	0	0	match
S100K7VQ	71840	043000	2020-09-30	NotesSegmentInformationEtcSemiAnnualConsolidatedFinancialStatementsTextBlock	15	7	17	152	0	0	match
S100K7WH	83590	043000	2020-09-30	NotesSegmentInformationEtcSemiAnnualConsolidatedFinancialStatementsTextBlock	15	7	17	174	0	0	match
S100K7Z9	85630	043000	2020-09-30	NotesSegmentInformationEtcSemiAnnualConsolidatedFinancialStatementsTextBlock	16	8	19	185	0	0	match
S100K7ZL	83030	043000	2020-09-30	NotesSegmentInformationEtcSemiAnnualConsolidatedFinancialStatementsTextBlock	31	18	19	390	0	0	match
S100K80G	83580	043000	2020-09-30	NotesSegmentInformationEtcSemiAnnualConsolidatedFinancialStatementsTextBlock	13	5	14	96	0	0	match
S100K81C	83450	043000	2020-09-30	NotesSegmentInformationEtcSemiAnnualConsolidatedFinancialStatementsTextBlock	17	7	19	158	0	0	match
S100K83Y	84160	043000	2020-09-30	NotesSegmentInformationEtcSemiAnnualConsolidatedFinancialStatementsTextBlock	16	8	18	154	0	0	match
S100K849	85510	043000	2020-09-30	NotesSegmentInformationEtcSemiAnnualConsolidatedFinancialStatementsTextBlock	16	8	17	102	0	0	match
S100K84J	83490	043000	2020-09-30	NotesSegmentInformationEtcSemiAnnualConsolidatedFinancialStatementsTextBlock	15	7	18	168	0	0	match
S100K87B	83460	043000	2020-09-30	NotesSegmentInformationEtcSemiAnnualConsolidatedFinancialStatementsTextBlock	15	7	16	102	0	0	match
S100K8A2	83620	043000	2020-09-30	NotesSegmentInformationEtcSemiAnnualConsolidatedFinancialStatementsTextBlock	15	7	17	138	0	0	match
S100K8AV	83650	043000	2020-09-30	NotesSegmentInformationEtcSemiAnnualConsolidatedFinancialStatementsTextBlock	16	8	18	114	0	0	match
S100K8AX	71610	043000	2020-09-30	NotesSegmentInformationEtcSemiAnnualConsolidatedFinancialStatementsTextBlock	16	8	18	168	0	0	match
S100K8BS	73270	043000	2020-09-30	NotesSegmentInformationEtcSemiAnnualConsolidatedFinancialStatementsTextBlock	18	8	20	132	0	0	match
S100K8EM	30480	030000	2020-08-31	NotesSegmentInformationEtcConsolidatedFinancialStatementsTextBlock	15	3	17	150	0	0	match
S100K8FZ	83430	043000	2020-09-30	NotesSegmentInformationEtcSemiAnnualConsolidatedFinancialStatementsTextBlock	15	7	16	164	0	0	match
S100K8G6	87140	043000	2020-09-30	NotesSegmentInformationEtcSemiAnnualConsolidatedFinancialStatementsTextBlock	15	7	17	178	0	0	match
S100K8JK	73220	043000	2020-09-30	NotesSegmentInformationEtcSemiAnnualConsolidatedFinancialStatementsTextBlock	15	7	17	146	0	0	match
S100K8L9	83380	043000	2020-09-30	NotesSegmentInformationEtcSemiAnnualConsolidatedFinancialStatementsTextBlock	15	7	17	192	0	0	match
S100K8LB	83810	043000	2020-09-30	NotesSegmentInformationEtcSemiAnnualConsolidatedFinancialStatementsTextBlock	15	7	17	190	0	0	match
S100K8LM	83920	043000	2020-09-30	NotesSegmentInformationEtcSemiAnnualConsolidatedFinancialStatementsTextBlock	14	6	16	124	0	0	match
S100K8UI	61780	043000	2020-09-30	NotesSegmentInformationEtcSemiAnnualConsolidatedFinancialStatementsTextBlock	20	6	28	357	0	0	match
S100K8UX	83930	043000	2020-09-30	NotesSegmentInformationEtcSemiAnnualConsolidatedFinancialStatementsTextBlock	16	8	18	102	0	0	match
S100K8VQ	85220	043000	2020-09-30	NotesSegmentInformationEtcSemiAnnualConsolidatedFinancialStatementsTextBlock	18	8	27	146	0	0	match
S100K8WB	71730	043000	2020-09-30	NotesSegmentInformationEtcSemiAnnualConsolidatedFinancialStatementsTextBlock	16	8	24	128	0	0	match
S100K8XR	83950	043000	2020-09-30	NotesSegmentInformationEtcSemiAnnualConsolidatedFinancialStatementsTextBlock	19	9	21	142	0	0	match
S100K8YA	83360	043000	2020-09-30	NotesSegmentInformationEtcSemiAnnualConsolidatedFinancialStatementsTextBlock	18	8	26	146	0	0	match
S100K8YC	83830	043000	2020-09-30	NotesSegmentInformationEtcSemiAnnualConsolidatedFinancialStatementsTextBlock	11	5	12	100	0	0	match
S100K917	71500	043000	2020-09-30	NotesSegmentInformationEtcSemiAnnualConsolidatedFinancialStatementsTextBlock	16	8	19	140	0	0	match
S100K91F	83990	043000	2020-09-30	NotesSegmentInformationEtcSemiAnnualConsolidatedFinancialStatementsTextBlock	15	7	17	126	0	0	match
S100K94X	71800	043000	2020-09-30	NotesSegmentInformationEtcSemiAnnualConsolidatedFinancialStatementsTextBlock	21	9	23	134	0	0	match
S100K9D0	85410	043000	2020-09-30	NotesSegmentInformationEtcSemiAnnualConsolidatedFinancialStatementsTextBlock	14	6	16	184	0	0	match
S100K9EO	83670	043000	2020-09-30	NotesSegmentInformationEtcSemiAnnualConsolidatedFinancialStatementsTextBlock	15	7	17	156	0	0	match
S100K9F3	70650	030000	2020-08-31	NotesSegmentInformationEtcConsolidatedFinancialStatementsTextBlock	12	3	13	63	0	0	match
S100K9H0	71890	043000	2020-09-30	NotesSegmentInformationEtcSemiAnnualConsolidatedFinancialStatementsTextBlock	11	5	12	87	0	0	match
S100K9J5	87950	043000	2020-09-30	NotesSegmentInformationEtcSemiAnnualConsolidatedFinancialStatementsTextBlock	17	5	19	292	0	0	match
S100K9LM	85420	043000	2020-09-30	NotesSegmentInformationEtcSemiAnnualConsolidatedFinancialStatementsTextBlock	15	7	17	114	0	0	match
S100K9MF	87500	043000	2020-09-30	NotesSegmentInformationEtcSemiAnnualConsolidatedFinancialStatementsTextBlock	13	5	14	190	0	0	match
S100K9NZ	83040	043000	2020-09-30	NotesSegmentInformationEtcSemiAnnualConsolidatedFinancialStatementsTextBlock	30	23	23	66	0	0	match
S100K9TQ	87150	043000	2020-09-30	NotesSegmentInformationEtcSemiAnnualConsolidatedFinancialStatementsTextBlock	11	3	13	136	0	0	match
S100KCZ2	96270	043000	2020-10-31	NotesSegmentInformationEtcQuarterlyConsolidatedFinancialStatementsTextBlock	16	4	17	30	0	0	match
S100KD33	57110	043000	2020-09-30	NotesSegmentInformationEtcQuarterlyConsolidatedFinancialStatementsTextBlock	28	7	29	45	0	0	match
S100KD7J	94440	043000	2020-10-31	NotesSegmentInformationEtcQuarterlyConsolidatedFinancialStatementsTextBlock	19	4	21	39	0	0	match
S100KDYE	36360	030000	2020-09-30	NotesSegmentInformationEtcConsolidatedFinancialStatementsTextBlock	11	2	11	98	0	0	match
S100KEZD	57240	030000	2020-09-30	NotesSegmentInformationEtcConsolidatedFinancialStatementsTextBlock	19	4	21	134	0	0	match
S100KFEA	71480	030000	2020-09-30	NotesSegmentInformationEtcConsolidatedFinancialStatementsTextBlock	19	7	22	178	0	0	match
S100KGDM	78060	030000	2020-09-30	NotesSegmentInformationEtcConsolidatedFinancialStatementsTextBlock	32	8	33	158	0	0	match
S100KKMH	23730	030000	2020-10-31	NotesSegmentInformationEtcConsolidatedFinancialStatementsTextBlock	15	3	17	182	0	0	match
S100KYY6	64400	030000	2020-12-31	NotesSegmentInformationEtcConsolidatedFinancialStatementsTextBlock	15	3	17	126	0	0	match
S100KZFU	37880	030000	2020-12-31	NotesSegmentInformationEtcConsolidatedFinancialStatementsTextBlock	15	3	15	105	0	0	match
S100L0OB	49670	030000	2020-12-31	NotesSegmentInformationEtcConsolidatedFinancialStatementsTextBlock	24	9	27	201	0	0	match
S100L2EP	81790	030000	2020-12-31	NotesSegmentInformationEtcConsolidatedFinancialStatementsTextBlock	21	7	24	243	0	0	match
S100L34K	75310	030000	2020-12-31	NotesSegmentInformationEtcConsolidatedFinancialStatementsTextBlock	15	3	15	88	0	0	match
S100L35A	29860	030000	2020-12-31	NotesSegmentInformationEtcConsolidatedFinancialStatementsTextBlock	19	4	23	53	0	0	match
S100L37Z	36830	030000	2020-12-31	NotesSegmentInformationEtcConsolidatedFinancialStatementsTextBlock	11	2	11	103	0	0	match
S100L5UE	30480	043000	2021-02-28	NotesSegmentInformationEtcQuarterlyConsolidatedFinancialStatementsTextBlock	15	3	17	38	0	0	match
S100L6CY	70650	043000	2021-02-28	NotesSegmentInformationEtcQuarterlyConsolidatedFinancialStatementsTextBlock	12	3	13	25	0	0	match
S100L94N	36360	043000	2021-03-31	NotesSegmentInformationEtcQuarterlyConsolidatedFinancialStatementsTextBlock	12	3	13	25	0	0	match
S100LAU5	57240	043000	2021-03-31	NotesSegmentInformationEtcQuarterlyConsolidatedFinancialStatementsTextBlock	20	5	23	35	0	0	match
S100LBGD	82760	030000	2021-02-20	NotesSegmentInformationEtcConsolidatedFinancialStatementsTextBlock	11	3	13	22	0	0	match
S100LBJT	71480	043000	2021-03-31	NotesSegmentInformationEtcQuarterlyConsolidatedFinancialStatementsTextBlock	20	5	23	43	0	0	match
S100LCCI	78060	043000	2021-03-31	NotesSegmentInformationEtcQuarterlyConsolidatedFinancialStatementsTextBlock	32	8	33	54	0	0	match
S100LI54	23730	043000	2021-04-30	NotesSegmentInformationEtcQuarterlyConsolidatedFinancialStatementsTextBlock	16	4	19	38	0	0	match
S100LJI6	87950	030000	2021-03-31	NotesSegmentInformationEtcConsolidatedFinancialStatementsTextBlock	17	5	19	22	0	0	match
S100LJT7	71800	030000	2021-03-31	NotesSegmentInformationEtcConsolidatedFinancialStatementsTextBlock	21	9	23	22	0	0	match
S100LJW3	83680	030000	2021-03-31	NotesSegmentInformationEtcConsolidatedFinancialStatementsTextBlock	15	7	17	20	0	0	match
S100LKWF	83640	030000	2021-03-31	NotesSegmentInformationEtcConsolidatedFinancialStatementsTextBlock	15	7	23	18	0	0	match
S100LL38	61780	030000	2021-03-31	NotesSegmentInformationEtcConsolidatedFinancialStatementsTextBlock	20	6	28	28	0	0	match
S100LLKK	83990	030000	2021-03-31	NotesSegmentInformationEtcConsolidatedFinancialStatementsTextBlock	17	5	19	24	0	0	match
S100LLVM	83450	030000	2021-03-31	NotesSegmentInformationEtcConsolidatedFinancialStatementsTextBlock	17	7	19	22	0	0	match
S100LLW3	83490	030000	2021-03-31	NotesSegmentInformationEtcConsolidatedFinancialStatementsTextBlock	15	7	18	18	0	0	match
S100LM1O	87140	030000	2021-03-31	NotesSegmentInformationEtcConsolidatedFinancialStatementsTextBlock	15	7	17	22	0	0	match
S100LM2S	83340	030000	2021-03-31	NotesSegmentInformationEtcConsolidatedFinancialStatementsTextBlock	15	7	17	18	0	0	match
S100LM5A	83610	030000	2021-03-31	NotesSegmentInformationEtcConsolidatedFinancialStatementsTextBlock	18	8	20	22	0	0	match
S100LM9E	83440	030000	2021-03-31	NotesSegmentInformationEtcConsolidatedFinancialStatementsTextBlock	18	8	20	22	0	0	match
S100LMGF	83810	030000	2021-03-31	NotesSegmentInformationEtcConsolidatedFinancialStatementsTextBlock	15	7	17	20	0	0	match
S100LMSB	83460	030000	2021-03-31	NotesSegmentInformationEtcConsolidatedFinancialStatementsTextBlock	21	9	22	20	0	0	match
S100LNOC	71610	030000	2021-03-31	NotesSegmentInformationEtcConsolidatedFinancialStatementsTextBlock	16	8	18	24	0	0	match
S100LNU4	95050	030000	2021-03-31	FootnotesRegardingSegmentInformationTableTextBlock | NotesSegmentInformationEtcConsolidatedFinancialStatementsTextBlock	23	11	28	19	0	0	rebuild
S100LNZJ	85630	030000	2021-03-31	NotesSegmentInformationEtcConsolidatedFinancialStatementsTextBlock	15	7	17	21	0	0	match
S100LOJ1	83370	030000	2021-03-31	NotesSegmentInformationEtcConsolidatedFinancialStatementsTextBlock	18	8	20	21	0	0	match
S100LOQR	56030	030000	2021-03-31	NotesSegmentInformationEtcConsolidatedFinancialStatementsTextBlock	16	4	19	30	0	0	match
S100LP3I	83930	030000	2021-03-31	NotesSegmentInformationEtcConsolidatedFinancialStatementsTextBlock	16	8	18	18	0	0	match
S100LP9F	62920	030000	2021-03-31	NotesSegmentInformationEtcConsolidatedFinancialStatementsTextBlock	26	11	27	31	0	0	match
S100LPAW	83700	030000	2021-03-31	NotesSegmentInformationEtcConsolidatedFinancialStatementsTextBlock	7	3	9	17	0	0	match
S100LPGA	83920	030000	2021-03-31	NotesSegmentInformationEtcConsolidatedFinancialStatementsTextBlock	14	6	16	20	0	0	match
S100LPI8	83380	030000	2021-03-31	NotesSegmentInformationEtcConsolidatedFinancialStatementsTextBlock	15	7	17	20	0	0	match
S100LPLB	83580	030000	2021-03-31	NotesSegmentInformationEtcConsolidatedFinancialStatementsTextBlock	13	5	14	18	0	0	match
S100LPMK	83360	030000	2021-03-31	NotesSegmentInformationEtcConsolidatedFinancialStatementsTextBlock	18	8	26	19	0	0	match
S100LPNF	73270	030000	2021-03-31	NotesSegmentInformationEtcConsolidatedFinancialStatementsTextBlock	18	8	20	21	0	0	match
S100LPV3	85240	030000	2021-03-31	NotesSegmentInformationEtcConsolidatedFinancialStatementsTextBlock	15	7	17	20	0	0	match
S100LQIQ	85500	030000	2021-03-31	NotesSegmentInformationEtcConsolidatedFinancialStatementsTextBlock	15	7	17	18	0	0	match
S100LQOE	83620	030000	2021-03-31	NotesSegmentInformationEtcConsolidatedFinancialStatementsTextBlock	15	7	17	18	0	0	match
S100LR3J	71840	030000	2021-03-31	NotesSegmentInformationEtcConsolidatedFinancialStatementsTextBlock	15	7	17	22	0	0	match
S100LR85	83590	030000	2021-03-31	NotesSegmentInformationEtcConsolidatedFinancialStatementsTextBlock	15	7	17	18	0	0	match
S100LRGL	83650	030000	2021-03-31	NotesSegmentInformationEtcConsolidatedFinancialStatementsTextBlock	16	8	18	20	0	0	match
S100LRJW	85220	030000	2021-03-31	NotesSegmentInformationEtcConsolidatedFinancialStatementsTextBlock	18	8	27	26	0	0	match
S100LRP8	73220	030000	2021-03-31	NotesSegmentInformationEtcConsolidatedFinancialStatementsTextBlock	15	7	17	22	0	0	match
S100LS47	83860	030000	2021-03-31	NotesSegmentInformationEtcConsolidatedFinancialStatementsTextBlock	15	7	17	20	0	0	match
S100LSF1	85410	030000	2021-03-31	NotesSegmentInformationEtcConsolidatedFinancialStatementsTextBlock	14	6	16	20	0	0	match
S100LSJT	69820	030000	2021-03-31	NotesSegmentInformationEtcFinancialStatementsTextBlock	18	5	20	34	0	0	match
S100LSRI	83950	030000	2021-03-31	NotesSegmentInformationEtcConsolidatedFinancialStatementsTextBlock	19	9	21	22	0	0	match
S100LTPN	71730	030000	2021-03-31	NotesSegmentInformationEtcConsolidatedFinancialStatementsTextBlock	16	8	24	18	0	0	match
S100LULY	85420	030000	2021-03-31	NotesSegmentInformationEtcConsolidatedFinancialStatementsTextBlock	15	7	17	20	0	0	match
S100LUYS	83670	030000	2021-03-31	NotesSegmentInformationEtcConsolidatedFinancialStatementsTextBlock	15	7	17	20	0	0	match
S100LVAQ	71890	030000	2021-03-31	NotesSegmentInformationEtcConsolidatedFinancialStatementsTextBlock	11	5	12	15	0	0	match
S100M2E0	64400	043000	2021-06-30	NotesSegmentInformationEtcQuarterlyConsolidatedFinancialStatementsTextBlock	16	4	19	38	0	0	match
S100M3SO	67230	043000	2021-06-30	InformationAboutGeographicalAreasIFRSTextBlock | NotesSegmentInformationCondensedQuarterlyConsolidatedFinancialStatementsIFRSTextBlock	19	3	16	107	0	0	match
S100M70X	29860	043000	2021-06-30	NotesSegmentInformationEtcQuarterlyConsolidatedFinancialStatementsTextBlock	19	4	21	12	0	0	match
S100M7GS	37880	043000	2021-06-30	NotesSegmentInformationEtcQuarterlyConsolidatedFinancialStatementsTextBlock	16	4	17	30	0	0	match
S100M7N1	75310	043000	2021-06-30	NotesSegmentInformationEtcQuarterlyConsolidatedFinancialStatementsTextBlock	16	4	17	30	0	0	match
S100M82X	55630	043000	2021-06-30	NotesSegmentInformationEtcQuarterlyConsolidatedFinancialStatementsTextBlock	24	6	27	48	0	0	match
S100M86G	19110	043000	2021-06-30	NotesSegmentInformationEtcQuarterlyConsolidatedFinancialStatementsTextBlock	24	6	27	48	0	0	match
S100M90M	36830	043000	2021-06-30	NotesSegmentInformationEtcQuarterlyConsolidatedFinancialStatementsTextBlock	20	5	21	35	0	0	match
S100M9ZK	81790	043000	2021-06-30	NotesSegmentInformationEtcQuarterlyConsolidatedFinancialStatementsTextBlock	18	6	21	54	0	0	match
S100MIRO	82760	043000	2021-08-20	NotesSegmentInformationEtcQuarterlyConsolidatedFinancialStatementsTextBlock	12	4	15	42	0	0	match
S100MKBP	81940	043000	2021-08-31	NotesSegmentInformationEtcQuarterlyConsolidatedFinancialStatementsTextBlock	9	3	11	28	0	0	match
S100ML41	82470	043000	2021-08-31	NotesSegmentInformationEtcQuarterlyConsolidatedFinancialStatementsTextBlock	20	5	23	43	0	0	match
S100MNMD	30040	043000	2021-09-30	NotesSegmentInformationEtcQuarterlyConsolidatedFinancialStatementsTextBlock	19	4	19	29	0	0	match
S100MNRE	34220	043000	2021-09-30	NotesSegmentInformationEtcQuarterlyConsolidatedFinancialStatementsTextBlock	19	4	19	29	0	0	match
S100MNY4	93060	043000	2021-09-30	NotesSegmentInformationEtcQuarterlyConsolidatedFinancialStatementsTextBlock	8	2	9	24	0	0	match
S100MNZK	95050	043000	2021-09-30	NotesSegmentInformationEtcQuarterlyConsolidatedFinancialStatementsTextBlock	16	4	17	30	0	0	match
S100MOEI	54100	043000	2021-09-30	NotesSegmentInformationEtcQuarterlyConsolidatedFinancialStatementsTextBlock	12	4	14	18	0	0	match
S100MOLH	95130	043000	2021-09-30	NotesSegmentInformationEtcQuarterlyConsolidatedFinancialStatementsTextBlock	15	5	17	40	0	0	match
S100MOR2	99500	043000	2021-09-20	NotesSegmentInformationEtcQuarterlyConsolidatedFinancialStatementsTextBlock	12	4	14	34	0	0	match
S100MOTE	30360	043000	2021-09-30	NotesSegmentInformationEtcQuarterlyConsolidatedFinancialStatementsTextBlock	19	4	19	29	0	0	match
S100MP0T	59330	043000	2021-09-20	NotesSegmentInformationEtcQuarterlyConsolidatedFinancialStatementsTextBlock	20	5	21	35	0	0	match
S100MP4K	95020	043000	2021-09-30	NotesSegmentInformationEtcQuarterlyConsolidatedFinancialStatementsTextBlock	14	5	16	49	0	0	match
S100MPBA	98780	043000	2021-09-20	NotesSegmentInformationEtcQuarterlyFinancialStatementsTextBlock	20	5	21	35	0	0	match
S100MPBC	99910	043000	2021-09-30	NotesSegmentInformationEtcQuarterlyConsolidatedFinancialStatementsTextBlock	12	3	13	26	0	0	match
S100MPJ0	80810	043000	2021-09-30	NotesSegmentInformationEtcQuarterlyConsolidatedFinancialStatementsTextBlock	19	4	19	31	0	0	match
S100MPKN	80050	043000	2021-09-30	NotesSegmentInformationEtcQuarterlyConsolidatedFinancialStatementsTextBlock	28	7	29	45	0	0	match
S100MPRX	46800	043000	2021-09-30	NotesSegmentInformationEtcQuarterlyConsolidatedFinancialStatementsTextBlock	15	3	15	22	0	0	match
S100MPSK	84390	043000	2021-09-30	NotesSegmentInformationEtcQuarterlyConsolidatedFinancialStatementsTextBlock	24	6	27	48	0	0	match
S100MPUA	15140	043000	2021-09-30	NotesSegmentInformationEtcQuarterlyConsolidatedFinancialStatementsTextBlock	15	3	15	24	0	0	match
S100MPVE	34200	043000	2021-09-30	NotesSegmentInformationEtcQuarterlyConsolidatedFinancialStatementsTextBlock	14	5	14	16	0	0	match
S100MPWP	95060	043000	2021-09-30	NotesSegmentInformationEtcQuarterlyConsolidatedFinancialStatementsTextBlock	20	5	23	43	0	0	match
S100MPZV	75080	043000	2021-09-30	NotesSegmentInformationEtcQuarterlyConsolidatedFinancialStatementsTextBlock	20	5	23	43	0	0	match
S100MQ3T	33710	043000	2021-09-30	NotesSegmentInformationEtcQuarterlyConsolidatedFinancialStatementsTextBlock	12	3	13	25	0	0	match
S100MQDR	80780	043000	2021-09-30	NotesSegmentInformationEtcQuarterlyConsolidatedFinancialStatementsTextBlock	30	6	31	60	0	0	match
S100MQI1	57110	043000	2021-09-30	NotesSegmentInformationEtcQuarterlyConsolidatedFinancialStatementsTextBlock	28	7	29	45	0	0	match
S100MQI7	81500	043000	2021-09-30	NotesSegmentInformationEtcQuarterlyConsolidatedFinancialStatementsTextBlock	10	4	10	11	0	0	match
S100MQKV	27600	043000	2021-09-30	NotesSegmentInformationEtcQuarterlyConsolidatedFinancialStatementsTextBlock	12	3	13	25	0	0	match
S100MQMM	95090	043000	2021-09-30	NotesSegmentInformationEtcQuarterlyConsolidatedFinancialStatementsTextBlock	16	4	19	38	0	0	match
S100MQMT	62920	043000	2021-09-30	FootnotesRegardingSegmentInformationTableTextBlock | NotesSegmentInformationEtcQuarterlyConsolidatedFinancialStatementsTextBlock	20	5	21	39	0	0	match
S100MQN6	65900	043000	2021-09-30	NotesSegmentInformationEtcQuarterlyConsolidatedFinancialStatementsTextBlock	19	4	19	31	0	0	match
S100MQOE	91040	043000	2021-09-30	NotesSegmentInformationEtcQuarterlyConsolidatedFinancialStatementsTextBlock	28	7	31	53	0	0	match
S100MQQN	64670	043000	2021-09-30	NotesSegmentInformationEtcQuarterlyConsolidatedFinancialStatementsTextBlock	16	4	17	30	0	0	match
S100MQSE	50210	043000	2021-09-30	NotesSegmentInformationEtcQuarterlyConsolidatedFinancialStatementsTextBlock	21	6	22	34	0	0	match
S100MR44	83860	043000	2021-09-30	NotesSegmentInformationEtcSemiAnnualConsolidatedFinancialStatementsTextBlock	15	7	17	198	0	0	match
S100MR9S	91070	043000	2021-09-30	NotesSegmentInformationEtcQuarterlyConsolidatedFinancialStatementsTextBlock	20	5	21	35	0	0	match
S100MRBU	73370	043000	2021-09-30	NotesSegmentInformationEtcSemiAnnualConsolidatedFinancialStatementsTextBlock	16	8	18	58	0	0	match
S100MRDK	84100	043000	2021-09-30	NotesSegmentInformationEtcSemiAnnualConsolidatedFinancialStatementsTextBlock	10	4	11	88	0	0	match
S100MRE2	80140	043000	2021-09-30	NotesSegmentInformationEtcQuarterlyConsolidatedFinancialStatementsTextBlock	20	5	23	43	0	0	match
S100MRED	57060	043000	2021-09-30	NotesSegmentInformationEtcQuarterlyConsolidatedFinancialStatementsTextBlock	20	5	21	35	0	0	match
S100MRGA	41820	043000	2021-09-30	NotesSegmentInformationEtcQuarterlyConsolidatedFinancialStatementsTextBlock	13	4	14	24	0	0	match
S100MRH3	74600	043000	2021-09-30	NotesSegmentInformationEtcQuarterlyConsolidatedFinancialStatementsTextBlock	20	5	21	35	0	0	match
S100MRHF	95010	043000	2021-09-30	NotesSegmentInformationEtcQuarterlyConsolidatedFinancialStatementsTextBlock	24	6	25	40	0	0	match
S100MRHW	79710	043000	2021-09-30	NotesSegmentInformationEtcQuarterlyConsolidatedFinancialStatementsTextBlock	12	3	13	25	0	0	match
S100MRLN	95030	043000	2021-09-30	NotesSegmentInformationEtcQuarterlyConsolidatedFinancialStatementsTextBlock	20	5	21	35	0	0	match
S100MRLU	85110	043000	2021-09-30	NotesSegmentInformationEtcQuarterlyConsolidatedFinancialStatementsTextBlock	11	3	12	30	0	0	match
S100MRM3	80970	043000	2021-09-30	NotesSegmentInformationEtcQuarterlyConsolidatedFinancialStatementsTextBlock	20	5	21	35	0	0	match
S100MS1I	78400	043000	2021-09-30	FootnotesRegardingSegmentInformationTableTextBlock | NotesSegmentInformationEtcQuarterlyConsolidatedFinancialStatementsTextBlock	16	4	19	44	0	0	match
S100MS24	32930	043000	2021-09-30	NotesSegmentInformationEtcQuarterlyConsolidatedFinancialStatementsTextBlock	23	5	25	42	0	0	match
S100MS29	95080	043000	2021-09-30	NotesSegmentInformationEtcQuarterlyConsolidatedFinancialStatementsTextBlock	18	6	20	46	0	0	match
S100MS2J	56030	043000	2021-09-30	NotesSegmentInformationEtcQuarterlyConsolidatedFinancialStatementsTextBlock	20	5	23	43	0	0	match
S100MS6F	89340	043000	2021-09-30	NotesSegmentInformationEtcQuarterlyConsolidatedFinancialStatementsTextBlock	19	4	21	37	0	0	match
S100MS6V	48380	043000	2021-09-30	NotesSegmentInformationEtcQuarterlyConsolidatedFinancialStatementsTextBlock	12	3	13	25	0	0	match
S100MSCJ	90390	043000	2021-09-30	NotesSegmentInformationEtcQuarterlyConsolidatedFinancialStatementsTextBlock	24	6	27	48	0	0	match
S100MSF3	54580	043000	2021-09-30	NotesSegmentInformationEtcQuarterlyConsolidatedFinancialStatementsTextBlock	12	3	13	25	0	0	match
S100MSI8	87150	043000	2021-09-30	NotesSegmentInformationEtcQuarterlyConsolidatedFinancialStatementsTextBlock	11	3	13	44	0	0	match
S100MSI9	69820	043000	2021-09-30	NotesSegmentInformationEtcQuarterlyFinancialStatementsTextBlock	10	3	11	19	0	0	match
S100MSJO	83610	043000	2021-09-30	NotesSegmentInformationEtcSemiAnnualConsolidatedFinancialStatementsTextBlock	19	9	22	144	0	0	match
S100MSJU	80750	043000	2021-09-30	NotesSegmentInformationEtcQuarterlyConsolidatedFinancialStatementsTextBlock	28	7	29	45	0	0	match
S100MSLD	86010	043000	2021-09-30	NotesSegmentInformationEtcQuarterlyConsolidatedFinancialStatementsTextBlock	17	5	19	48	0	0	match
S100MSNI	95070	043000	2021-09-30	NotesSegmentInformationEtcQuarterlyConsolidatedFinancialStatementsTextBlock	28	7	31	53	0	0	match
S100MSOV	85240	043000	2021-09-30	NotesSegmentInformationEtcSemiAnnualConsolidatedFinancialStatementsTextBlock	16	8	19	148	0	0	match
S100MSYN	77020	043000	2021-09-30	NotesSegmentInformationEtcQuarterlyConsolidatedFinancialStatementsTextBlock	27	6	29	47	0	0	match
S100MT8J	33920	043000	2021-09-30	NotesSegmentInformationEtcQuarterlyConsolidatedFinancialStatementsTextBlock	19	5	20	36	0	0	match
S100MT98	19610	043000	2021-09-30	NotesSegmentInformationEtcQuarterlyConsolidatedFinancialStatementsTextBlock	24	6	27	48	0	0	match
S100MTA4	90670	043000	2021-09-30	NotesSegmentInformationEtcQuarterlyConsolidatedFinancialStatementsTextBlock	18	6	20	47	0	0	match
S100MTTS	34330	043000	2021-09-30	NotesSegmentInformationEtcQuarterlyConsolidatedFinancialStatementsTextBlock	20	5	23	43	0	0	match
S100MTWU	42280	043000	2021-09-30	FootnotesRegardingSegmentInformationTableTextBlock | NotesSegmentInformationEtcQuarterlyConsolidatedFinancialStatementsTextBlock	12	3	13	29	0	0	match
S100MTY0	91010	043000	2021-09-30	NotesSegmentInformationEtcQuarterlyConsolidatedFinancialStatementsTextBlock	28	7	29	45	0	0	match
S100MU26	85620	043000	2021-09-30	NotesSegmentInformationEtcSemiAnnualConsolidatedFinancialStatementsTextBlock	11	3	10	95	0	0	match
S100MUBD	99060	043000	2021-09-30	NotesSegmentInformationEtcQuarterlyConsolidatedFinancialStatementsTextBlock	23	5	23	34	0	0	match
S100MUBS	57140	043000	2021-09-30	NotesSegmentInformationEtcQuarterlyConsolidatedFinancialStatementsTextBlock	28	7	31	53	0	0	match
S100MUDA	49780	043000	2021-09-30	NotesSegmentInformationEtcQuarterlyConsolidatedFinancialStatementsTextBlock	12	3	13	25	0	0	match
S100MUEB	88770	043000	2021-09-30	NotesSegmentInformationEtcQuarterlyConsolidatedFinancialStatementsTextBlock	12	3	15	33	0	0	match
S100MUEP	52610	043000	2021-09-30	NotesSegmentInformationEtcQuarterlyConsolidatedFinancialStatementsTextBlock	28	7	35	45	0	0	match
S100MUH7	87070	043000	2021-09-30	NotesSegmentInformationEtcQuarterlyConsolidatedFinancialStatementsTextBlock	11	7	8	72	0	0	match
S100MUI9	66250	043000	2021-09-30	NotesSegmentInformationEtcQuarterlyConsolidatedFinancialStatementsTextBlock	16	4	19	38	0	0	match
S100MUKY	87500	043000	2021-09-30	NotesSegmentInformationEtcSemiAnnualConsolidatedFinancialStatementsTextBlock	13	5	14	190	0	0	match
S100MUKZ	83640	043000	2021-09-30	NotesSegmentInformationEtcSemiAnnualConsolidatedFinancialStatementsTextBlock	15	7	17	120	0	0	match
S100MUOC	96280	043000	2021-09-30	FootnotesRegardingSegmentInformationTableTextBlock | NotesSegmentInformationEtcQuarterlyConsolidatedFinancialStatementsTextBlock	20	5	21	43	0	0	match
S100MURY	60920	043000	2021-09-30	NotesSegmentInformationEtcQuarterlyConsolidatedFinancialStatementsTextBlock	16	4	17	30	0	0	match
S100MUU0	29150	043000	2021-09-30	NotesSegmentInformationEtcQuarterlyConsolidatedFinancialStatementsTextBlock	16	4	19	38	0	0	match
S100MV73	74190	043000	2021-09-30	NotesSegmentInformationEtcQuarterlyConsolidatedFinancialStatementsTextBlock	24	6	27	48	0	0	match
S100MVF6	71620	043000	2021-09-30	NotesSegmentInformationEtcQuarterlyConsolidatedFinancialStatementsTextBlock	23	9	24	61	0	0	match
S100MVX1	85500	043000	2021-09-30	NotesSegmentInformationEtcSemiAnnualConsolidatedFinancialStatementsTextBlock	15	7	17	124	0	0	match
S100MVZ4	83440	043000	2021-09-30	NotesSegmentInformationEtcSemiAnnualConsolidatedFinancialStatementsTextBlock	18	8	20	144	0	0	match
S100MW5L	83030	043000	2021-09-30	NotesSegmentInformationEtcSemiAnnualConsolidatedFinancialStatementsTextBlock	33	19	20	419	0	0	match
S100MWC7	83700	043000	2021-09-30	NotesSegmentInformationEtcSemiAnnualConsolidatedFinancialStatementsTextBlock	9	3	9	131	0	0	match
S100MWGM	73260	043000	2021-09-30	NotesSegmentInformationEtcSemiAnnualConsolidatedFinancialStatementsTextBlock	12	4	14	110	0	0	match
S100MWJO	85630	043000	2021-09-30	NotesSegmentInformationEtcSemiAnnualConsolidatedFinancialStatementsTextBlock	16	8	19	173	0	0	match
S100MWMX	83370	043000	2021-09-30	NotesSegmentInformationEtcSemiAnnualConsolidatedFinancialStatementsTextBlock	18	8	20	209	0	0	match
S100MWNO	83680	043000	2021-09-30	NotesSegmentInformationEtcSemiAnnualConsolidatedFinancialStatementsTextBlock	15	7	17	184	0	0	match
S100MWNS	83450	043000	2021-09-30	NotesSegmentInformationEtcSemiAnnualConsolidatedFinancialStatementsTextBlock	17	7	19	158	0	0	match
S100MWNV	83590	043000	2021-09-30	NotesSegmentInformationEtcSemiAnnualConsolidatedFinancialStatementsTextBlock	15	7	17	174	0	0	match
S100MWO6	83580	043000	2021-09-30	NotesSegmentInformationEtcSemiAnnualConsolidatedFinancialStatementsTextBlock	13	5	14	96	0	0	match
S100MWO8	83340	043000	2021-09-30	NotesSegmentInformationEtcSemiAnnualConsolidatedFinancialStatementsTextBlock	15	7	17	210	0	0	match
S100MWPM	83650	043000	2021-09-30	NotesSegmentInformationEtcSemiAnnualConsolidatedFinancialStatementsTextBlock	16	8	18	114	0	0	match
S100MWT3	71610	043000	2021-09-30	NotesSegmentInformationEtcSemiAnnualConsolidatedFinancialStatementsTextBlock	16	8	18	159	0	0	match
S100MWU5	83490	043000	2021-09-30	NotesSegmentInformationEtcSemiAnnualConsolidatedFinancialStatementsTextBlock	15	7	18	150	0	0	match
S100MWUM	84160	043000	2021-09-30	NotesSegmentInformationEtcSemiAnnualConsolidatedFinancialStatementsTextBlock	16	8	18	154	0	0	match
S100MWUS	87660	043000	2021-09-30	NotesSegmentInformationEtcSemiAnnualConsolidatedFinancialStatementsTextBlock	18	8	20	198	0	0	match
S100MWUX	73270	043000	2021-09-30	NotesSegmentInformationEtcSemiAnnualConsolidatedFinancialStatementsTextBlock	18	8	20	132	0	0	match
S100MX1Z	85510	043000	2021-09-30	NotesSegmentInformationEtcSemiAnnualConsolidatedFinancialStatementsTextBlock	16	8	17	102	0	0	match
S100MX2W	83920	043000	2021-09-30	NotesSegmentInformationEtcSemiAnnualConsolidatedFinancialStatementsTextBlock	14	6	16	124	0	0	match
S100MX49	83430	043000	2021-09-30	NotesSegmentInformationEtcSemiAnnualConsolidatedFinancialStatementsTextBlock	15	7	16	164	0	0	match
S100MX9F	73220	043000	2021-09-30	NotesSegmentInformationEtcSemiAnnualConsolidatedFinancialStatementsTextBlock	15	7	17	146	0	0	match
S100MXAR	85220	043000	2021-09-30	NotesSegmentInformationEtcSemiAnnualConsolidatedFinancialStatementsTextBlock	16	6	22	135	0	0	match
S100MXDD	71730	043000	2021-09-30	NotesSegmentInformationEtcSemiAnnualConsolidatedFinancialStatementsTextBlock	16	8	24	127	0	0	match
S100MXEL	83460	043000	2021-09-30	NotesSegmentInformationEtcSemiAnnualConsolidatedFinancialStatementsTextBlock	21	9	22	142	0	0	match
S100MXES	83810	043000	2021-09-30	NotesSegmentInformationEtcSemiAnnualConsolidatedFinancialStatementsTextBlock	15	7	17	190	0	0	match
S100MXJG	71840	043000	2021-09-30	NotesSegmentInformationEtcSemiAnnualConsolidatedFinancialStatementsTextBlock	15	7	17	175	0	0	match
S100MXJU	83620	043000	2021-09-30	NotesSegmentInformationEtcSemiAnnualConsolidatedFinancialStatementsTextBlock	15	7	17	140	0	0	match
S100MXLH	83950	043000	2021-09-30	NotesSegmentInformationEtcSemiAnnualConsolidatedFinancialStatementsTextBlock	19	9	21	142	0	0	match
S100MXMG	83930	043000	2021-09-30	NotesSegmentInformationEtcSemiAnnualConsolidatedFinancialStatementsTextBlock	16	8	18	103	0	0	match
S100MXN8	83990	043000	2021-09-30	NotesSegmentInformationEtcSemiAnnualConsolidatedFinancialStatementsTextBlock	21	9	23	166	0	0	match
S100MXS1	83830	043000	2021-09-30	NotesSegmentInformationEtcSemiAnnualConsolidatedFinancialStatementsTextBlock	11	5	12	100	0	0	match
S100MXTA	61780	043000	2021-09-30	NotesSegmentInformationEtcSemiAnnualConsolidatedFinancialStatementsTextBlock	20	6	28	372	0	0	match
S100MXU5	87140	043000	2021-09-30	NotesSegmentInformationEtcSemiAnnualConsolidatedFinancialStatementsTextBlock	15	7	17	178	0	0	match
S100MXUN	71890	043000	2021-09-30	NotesSegmentInformationEtcSemiAnnualConsolidatedFinancialStatementsTextBlock	11	5	12	82	0	0	match
S100MXW5	71800	043000	2021-09-30	NotesSegmentInformationEtcSemiAnnualConsolidatedFinancialStatementsTextBlock	21	9	23	134	0	0	match
S100MXWR	83360	043000	2021-09-30	NotesSegmentInformationEtcSemiAnnualConsolidatedFinancialStatementsTextBlock	18	8	26	145	0	0	match
S100MXYS	87950	043000	2021-09-30	NotesSegmentInformationEtcSemiAnnualConsolidatedFinancialStatementsTextBlock	17	5	19	312	0	0	match
S100MY24	83040	043000	2021-09-30	NotesSegmentInformationEtcSemiAnnualConsolidatedFinancialStatementsTextBlock	30	23	23	67	0	0	match
S100MY25	83670	043000	2021-09-30	NotesSegmentInformationEtcSemiAnnualConsolidatedFinancialStatementsTextBlock	15	7	17	155	0	0	match
S100MY66	71500	043000	2021-09-30	NotesSegmentInformationEtcSemiAnnualConsolidatedFinancialStatementsTextBlock	15	7	17	138	0	0	match
S100MY71	85410	043000	2021-09-30	NotesSegmentInformationEtcSemiAnnualConsolidatedFinancialStatementsTextBlock	14	6	16	184	0	0	match
S100MY7L	85420	043000	2021-09-30	NotesSegmentInformationEtcSemiAnnualConsolidatedFinancialStatementsTextBlock	15	7	17	114	0	0	match
S100N2C7	96270	043000	2021-10-31	NotesSegmentInformationEtcQuarterlyConsolidatedFinancialStatementsTextBlock	16	4	17	30	0	0	match
S100N2CX	94440	043000	2021-10-31	NotesSegmentInformationEtcQuarterlyConsolidatedFinancialStatementsTextBlock	19	4	21	39	0	0	match
S100N3XC	71480	030000	2021-09-30	NotesSegmentInformationEtcConsolidatedFinancialStatementsTextBlock	23	8	26	37	0	0	match
S100NSTC	75310	030000	2021-12-31	NotesSegmentInformationEtcConsolidatedFinancialStatementsTextBlock	15	3	15	20	0	0	match
S100NW15	30480	043000	2022-02-28	NotesSegmentInformationEtcQuarterlyConsolidatedFinancialStatementsTextBlock	15	3	17	38	0	0	match
S100NWGP	70650	043000	2022-02-28	NotesSegmentInformationEtcQuarterlyConsolidatedFinancialStatementsTextBlock	12	3	13	25	0	0	match
S100NZ4R	36360	043000	2022-03-31	NotesSegmentInformationEtcQuarterlyConsolidatedFinancialStatementsTextBlock	12	3	13	25	0	0	match
S100O22S	57240	043000	2022-03-31	NotesSegmentInformationEtcQuarterlyConsolidatedFinancialStatementsTextBlock	20	5	23	35	0	0	match
S100O2AJ	78060	043000	2022-03-31	NotesSegmentInformationEtcQuarterlyConsolidatedFinancialStatementsTextBlock	32	8	33	50	0	0	match
S100O30J	82760	030000	2022-02-20	NotesSegmentInformationEtcConsolidatedFinancialStatementsTextBlock	11	3	13	22	0	0	match
S100O88E	23730	043000	2022-04-30	NotesSegmentInformationEtcQuarterlyConsolidatedFinancialStatementsTextBlock	16	4	19	38	0	0	match
S100O9AN	87950	030000	2022-03-31	NotesSegmentInformationEtcConsolidatedFinancialStatementsTextBlock	17	5	19	24	0	0	match
S100O9BW	83580	030000	2022-03-31	NotesSegmentInformationEtcConsolidatedFinancialStatementsTextBlock	13	5	14	18	0	0	match
S100O9H2	73800	030000	2022-03-31	NotesSegmentInformationEtcConsolidatedFinancialStatementsTextBlock	15	7	17	6	0	0	match
S100OA37	71800	030000	2022-03-31	NotesSegmentInformationEtcConsolidatedFinancialStatementsTextBlock	21	9	23	22	0	0	match
S100OA6P	61780	030000	2022-03-31	NotesSegmentInformationEtcConsolidatedFinancialStatementsTextBlock	20	6	28	28	0	0	match
S100OAON	83680	030000	2022-03-31	NotesSegmentInformationEtcConsolidatedFinancialStatementsTextBlock	15	7	17	20	0	0	match
S100OAXN	87140	030000	2022-03-31	NotesSegmentInformationEtcConsolidatedFinancialStatementsTextBlock	15	7	17	22	0	0	match
S100OB7X	83490	030000	2022-03-31	NotesSegmentInformationEtcConsolidatedFinancialStatementsTextBlock	15	7	18	19	0	0	match
S100OBA4	83640	030000	2022-03-31	NotesSegmentInformationEtcConsolidatedFinancialStatementsTextBlock	15	7	17	20	0	0	match
S100OBJ8	83340	030000	2022-03-31	NotesSegmentInformationEtcConsolidatedFinancialStatementsTextBlock	15	7	17	18	0	0	match
S100OBUG	83590	030000	2022-03-31	NotesSegmentInformationEtcConsolidatedFinancialStatementsTextBlock	15	7	17	18	0	0	match
S100OC0E	83440	030000	2022-03-31	NotesSegmentInformationEtcConsolidatedFinancialStatementsTextBlock	18	8	20	22	0	0	match
S100OC0Q	83450	030000	2022-03-31	NotesSegmentInformationEtcConsolidatedFinancialStatementsTextBlock	17	7	19	22	0	0	match
S100OC1J	71730	030000	2022-03-31	NotesSegmentInformationEtcConsolidatedFinancialStatementsTextBlock	16	8	24	17	0	0	match
S100OCWY	83460	030000	2022-03-31	NotesSegmentInformationEtcConsolidatedFinancialStatementsTextBlock	21	9	22	20	0	0	match
S100OCYL	71610	030000	2022-03-31	NotesSegmentInformationEtcConsolidatedFinancialStatementsTextBlock	16	8	18	23	0	0	match
S100ODJF	83930	030000	2022-03-31	NotesSegmentInformationEtcConsolidatedFinancialStatementsTextBlock	16	8	18	19	0	0	match
S100ODSH	83810	030000	2022-03-31	NotesSegmentInformationEtcConsolidatedFinancialStatementsTextBlock	15	7	17	20	0	0	match
S100OEBO	83370	030000	2022-03-31	NotesSegmentInformationEtcConsolidatedFinancialStatementsTextBlock	18	8	20	22	0	0	match
S100OF7O	83920	030000	2022-03-31	NotesSegmentInformationEtcConsolidatedFinancialStatementsTextBlock	14	6	16	20	0	0	match
S100OFGO	73220	030000	2022-03-31	NotesSegmentInformationEtcConsolidatedFinancialStatementsTextBlock	15	7	17	22	0	0	match
S100OFN6	85630	030000	2022-03-31	NotesSegmentInformationEtcConsolidatedFinancialStatementsTextBlock	15	7	17	22	0	0	match
S100OFNS	73270	030000	2022-03-31	NotesSegmentInformationEtcConsolidatedFinancialStatementsTextBlock	18	8	20	21	0	0	match
S100OGDM	85240	030000	2022-03-31	NotesSegmentInformationEtcConsolidatedFinancialStatementsTextBlock	15	7	17	20	0	0	match
S100OHA6	85420	030000	2022-03-31	NotesSegmentInformationEtcConsolidatedFinancialStatementsTextBlock	15	7	17	20	0	0	match
S100OHCI	73370	030000	2022-03-31	NotesSegmentInformationEtcConsolidatedFinancialStatementsTextBlock	14	8	17	18	0	0	match
S100OHL5	71500	030000	2022-03-31	NotesSegmentInformationEtcConsolidatedFinancialStatementsTextBlock	15	7	17	18	0	0	match
S100OHN7	62920	030000	2022-03-31	NotesSegmentInformationEtcConsolidatedFinancialStatementsTextBlock	26	11	27	32	0	0	match
S100OHRR	83950	030000	2022-03-31	NotesSegmentInformationEtcConsolidatedFinancialStatementsTextBlock	19	9	21	22	0	0	match
S100OI88	83360	030000	2022-03-31	NotesSegmentInformationEtcConsolidatedFinancialStatementsTextBlock	18	8	26	20	0	0	match
S100OID1	83700	030000	2022-03-31	NotesSegmentInformationEtcConsolidatedFinancialStatementsTextBlock	7	3	9	17	0	0	match
S100OIFE	83990	030000	2022-03-31	NotesSegmentInformationEtcConsolidatedFinancialStatementsTextBlock	17	5	19	24	0	0	match
S100OIKL	56030	030000	2022-03-31	NotesSegmentInformationEtcConsolidatedFinancialStatementsTextBlock	20	5	23	33	0	0	match
S100OIO8	71840	030000	2022-03-31	NotesSegmentInformationEtcConsolidatedFinancialStatementsTextBlock	15	7	17	22	0	0	match
S100OIT6	85410	030000	2022-03-31	NotesSegmentInformationEtcConsolidatedFinancialStatementsTextBlock	14	6	16	20	0	0	match
S100OIXP	73500	030000	2022-03-31	NotesSegmentInformationEtcConsolidatedFinancialStatementsTextBlock	15	7	17	5	0	0	match
S100OJJ8	85500	030000	2022-03-31	NotesSegmentInformationEtcConsolidatedFinancialStatementsTextBlock	15	7	17	20	0	0	match
S100OKE6	83860	030000	2022-03-31	NotesSegmentInformationEtcConsolidatedFinancialStatementsTextBlock	15	7	17	20	0	0	match
S100OKO3	71890	030000	2022-03-31	NotesSegmentInformationEtcConsolidatedFinancialStatementsTextBlock	11	5	12	14	0	0	match
S100OLMF	83650	030000	2022-03-31	NotesSegmentInformationEtcConsolidatedFinancialStatementsTextBlock	16	8	18	20	0	0	match
S100OLZV	83670	030000	2022-03-31	NotesSegmentInformationEtcConsolidatedFinancialStatementsTextBlock	15	7	17	20	0	0	match
S100OUWJ	64400	043000	2022-06-30	NotesSegmentInformationEtcQuarterlyConsolidatedFinancialStatementsTextBlock	16	4	19	38	0	0	match
S100OVPC	55630	043000	2022-06-30	NotesSegmentInformationEtcQuarterlyConsolidatedFinancialStatementsTextBlock	24	6	27	48	0	0	match
S100OWP0	67230	043000	2022-06-30	InformationAboutGeographicalAreasIFRSTextBlock | NotesSegmentInformationCondensedQuarterlyConsolidatedFinancialStatementsIFRSTextBlock	19	3	16	109	0	0	match
S100OWR0	37880	043000	2022-06-30	NotesSegmentInformationEtcQuarterlyConsolidatedFinancialStatementsTextBlock	16	4	17	30	0	0	match
S100OY0I	75310	043000	2022-06-30	NotesSegmentInformationEtcQuarterlyConsolidatedFinancialStatementsTextBlock	16	4	17	30	0	0	match
S100OYGU	19110	043000	2022-06-30	NotesSegmentInformationEtcQuarterlyConsolidatedFinancialStatementsTextBlock	24	6	27	48	0	0	match
S100OYTX	36830	043000	2022-06-30	NotesSegmentInformationEtcQuarterlyConsolidatedFinancialStatementsTextBlock	20	5	21	35	0	0	match
S100OZ60	29860	043000	2022-06-30	NotesSegmentInformationEtcQuarterlyConsolidatedFinancialStatementsTextBlock	19	4	21	39	0	0	match
S100OZO3	81790	043000	2022-06-30	NotesSegmentInformationEtcQuarterlyConsolidatedFinancialStatementsTextBlock	18	6	21	54	0	0	match
S100P9IR	82760	043000	2022-08-20	NotesSegmentInformationEtcQuarterlyConsolidatedFinancialStatementsTextBlock	12	4	15	42	0	0	match
S100PBM5	81940	043000	2022-08-31	NotesSegmentInformationEtcQuarterlyConsolidatedFinancialStatementsTextBlock	9	3	11	28	0	0	match
S100PCEI	26850	043000	2022-08-31	NotesSegmentInformationEtcQuarterlyConsolidatedFinancialStatementsTextBlock	12	3	13	8	0	0	match
S100PCH5	82470	043000	2022-08-31	NotesSegmentInformationEtcQuarterlyConsolidatedFinancialStatementsTextBlock	20	5	23	43	0	0	match
S100PDJR	29150	043000	2022-09-30	NotesSegmentInformationEtcQuarterlyConsolidatedFinancialStatementsTextBlock	16	4	19	38	0	0	match
S100PE5O	54100	043000	2022-09-30	NotesSegmentInformationEtcQuarterlyConsolidatedFinancialStatementsTextBlock	12	4	14	18	0	0	match
S100PEG9	30040	043000	2022-09-30	NotesSegmentInformationEtcQuarterlyConsolidatedFinancialStatementsTextBlock	19	4	19	29	0	0	match
S100PEMM	93060	043000	2022-09-30	NotesSegmentInformationEtcQuarterlyConsolidatedFinancialStatementsTextBlock	8	2	9	24	0	0	match
S100PEXD	30360	043000	2022-09-30	NotesSegmentInformationEtcQuarterlyConsolidatedFinancialStatementsTextBlock	19	4	19	29	0	0	match
S100PFDK	95130	043000	2022-09-30	NotesSegmentInformationEtcQuarterlyConsolidatedFinancialStatementsTextBlock	15	5	17	40	0	0	match
S100PFKK	99500	043000	2022-09-20	NotesSegmentInformationEtcQuarterlyConsolidatedFinancialStatementsTextBlock	12	4	14	34	0	0	match
S100PFOL	95020	043000	2022-09-30	NotesSegmentInformationEtcQuarterlyConsolidatedFinancialStatementsTextBlock	14	5	16	49	0	0	match
S100PFS4	99910	043000	2022-09-30	NotesSegmentInformationEtcQuarterlyConsolidatedFinancialStatementsTextBlock	12	3	13	26	0	0	match
S100PG59	73370	043000	2022-09-30	NotesSegmentInformationEtcSemiAnnualConsolidatedFinancialStatementsTextBlock	16	8	18	124	0	0	match
S100PGBG	59330	043000	2022-09-20	NotesSegmentInformationEtcQuarterlyConsolidatedFinancialStatementsTextBlock	20	5	21	35	0	0	match
S100PGHS	98780	043000	2022-09-20	NotesSegmentInformationEtcQuarterlyConsolidatedFinancialStatementsTextBlock	20	5	21	10	0	0	match
S100PGKI	80810	043000	2022-09-30	NotesSegmentInformationEtcQuarterlyConsolidatedFinancialStatementsTextBlock	19	4	19	31	0	0	match
S100PGKO	95060	043000	2022-09-30	NotesSegmentInformationEtcQuarterlyConsolidatedFinancialStatementsTextBlock	20	5	23	43	0	0	match
S100PGKR	75080	043000	2022-09-30	NotesSegmentInformationEtcQuarterlyConsolidatedFinancialStatementsTextBlock	20	5	23	43	0	0	match
S100PGMX	80140	043000	2022-09-30	NotesSegmentInformationEtcQuarterlyConsolidatedFinancialStatementsTextBlock	20	5	23	43	0	0	match
S100PGNH	95090	043000	2022-09-30	NotesSegmentInformationEtcQuarterlyConsolidatedFinancialStatementsTextBlock	16	4	19	38	0	0	match
S100PGPW	33710	043000	2022-09-30	NotesSegmentInformationEtcQuarterlyConsolidatedFinancialStatementsTextBlock	12	3	13	25	0	0	match
S100PGRZ	84390	043000	2022-09-30	NotesSegmentInformationEtcQuarterlyConsolidatedFinancialStatementsTextBlock	24	6	27	48	0	0	match
S100PGSW	80050	043000	2022-09-30	NotesSegmentInformationEtcQuarterlyConsolidatedFinancialStatementsTextBlock	24	6	25	40	0	0	match
S100PGXE	81500	043000	2022-09-30	NotesSegmentInformationEtcQuarterlyConsolidatedFinancialStatementsTextBlock	10	4	10	11	0	0	match
S100PH3H	15140	043000	2022-09-30	NotesSegmentInformationEtcQuarterlyConsolidatedFinancialStatementsTextBlock	15	3	15	24	0	0	match
S100PHLC	95050	043000	2022-09-30	NotesSegmentInformationEtcQuarterlyConsolidatedFinancialStatementsTextBlock	16	4	17	30	0	0	match
S100PHQK	84100	043000	2022-09-30	NotesSegmentInformationEtcSemiAnnualConsolidatedFinancialStatementsTextBlock	10	4	11	88	0	0	match
S100PHUB	64670	043000	2022-09-30	NotesSegmentInformationEtcQuarterlyConsolidatedFinancialStatementsTextBlock	16	4	17	30	0	0	match
S100PHY7	91010	043000	2022-09-30	NotesSegmentInformationEtcQuarterlyConsolidatedFinancialStatementsTextBlock	28	7	29	45	0	0	match
S100PI20	80970	043000	2022-09-30	NotesSegmentInformationEtcQuarterlyConsolidatedFinancialStatementsTextBlock	24	6	25	40	0	0	match
S100PI2K	80780	043000	2022-09-30	NotesSegmentInformationEtcQuarterlyConsolidatedFinancialStatementsTextBlock	30	6	31	60	0	0	match
S100PIAG	49780	043000	2022-09-30	NotesSegmentInformationEtcQuarterlyConsolidatedFinancialStatementsTextBlock	12	3	13	25	0	0	match
S100PIEB	57110	043000	2022-09-30	NotesSegmentInformationEtcQuarterlyConsolidatedFinancialStatementsTextBlock	24	6	25	40	0	0	match
S100PIEV	85500	043000	2022-09-30	NotesSegmentInformationEtcSemiAnnualConsolidatedFinancialStatementsTextBlock	15	7	17	124	0	0	match
S100PIFF	57140	043000	2022-09-30	NotesSegmentInformationEtcQuarterlyConsolidatedFinancialStatementsTextBlock	28	7	31	53	0	0	match
S100PII7	27600	043000	2022-09-30	NotesSegmentInformationEtcQuarterlyConsolidatedFinancialStatementsTextBlock	12	3	13	25	0	0	match
S100PIMB	34220	043000	2022-09-30	NotesSegmentInformationEtcQuarterlyConsolidatedFinancialStatementsTextBlock	19	4	19	29	0	0	match
S100PIN7	50210	043000	2022-09-30	NotesSegmentInformationEtcQuarterlyConsolidatedFinancialStatementsTextBlock	21	6	22	34	0	0	match
S100PINF	48380	043000	2022-09-30	NotesSegmentInformationEtcQuarterlyConsolidatedFinancialStatementsTextBlock	16	4	17	30	0	0	match
S100PIQR	65900	043000	2022-09-30	NotesSegmentInformationEtcQuarterlyConsolidatedFinancialStatementsTextBlock	19	4	19	29	0	0	match
S100PITM	34670	043000	2022-09-30	NotesSegmentInformationEtcQuarterlyFinancialStatementsTextBlock	12	3	13	25	0	0	match
S100PITZ	46800	043000	2022-09-30	NotesSegmentInformationEtcQuarterlyConsolidatedFinancialStatementsTextBlock	15	3	15	22	0	0	match
S100PIWG	57060	043000	2022-09-30	NotesSegmentInformationEtcQuarterlyConsolidatedFinancialStatementsTextBlock	20	5	21	36	0	0	match
S100PIWL	79710	043000	2022-09-30	NotesSegmentInformationEtcQuarterlyConsolidatedFinancialStatementsTextBlock	12	3	13	25	0	0	match
S100PIYH	87500	043000	2022-09-30	NotesSegmentInformationEtcSemiAnnualConsolidatedFinancialStatementsTextBlock	13	5	14	190	0	0	match
S100PJEH	91040	043000	2022-09-30	NotesSegmentInformationEtcQuarterlyConsolidatedFinancialStatementsTextBlock	32	8	35	58	0	0	match
S100PJIC	91070	043000	2022-09-30	NotesSegmentInformationEtcQuarterlyConsolidatedFinancialStatementsTextBlock	20	5	21	35	0	0	match
S100PJM5	83610	043000	2022-09-30	NotesSegmentInformationEtcSemiAnnualConsolidatedFinancialStatementsTextBlock	19	9	22	144	0	0	match
S100PJND	41820	043000	2022-09-30	NotesSegmentInformationEtcQuarterlyConsolidatedFinancialStatementsTextBlock	13	4	14	24	0	0	match
S100PJOB	54080	043000	2022-09-30	NotesSegmentInformationEtcQuarterlyConsolidatedFinancialStatementsTextBlock	16	4	17	32	0	0	match
S100PJSI	90390	043000	2022-09-30	NotesSegmentInformationEtcQuarterlyConsolidatedFinancialStatementsTextBlock	24	6	27	48	0	0	match
S100PJVL	78400	043000	2022-09-30	FootnotesRegardingSegmentInformationTableTextBlock | NotesSegmentInformationEtcQuarterlyConsolidatedFinancialStatementsTextBlock	16	4	19	41	0	0	match
S100PK22	95010	043000	2022-09-30	NotesSegmentInformationEtcQuarterlyConsolidatedFinancialStatementsTextBlock	24	6	25	40	0	0	match
S100PK31	95030	043000	2022-09-30	NotesSegmentInformationEtcQuarterlyConsolidatedFinancialStatementsTextBlock	20	5	21	35	0	0	match
S100PK3K	88770	043000	2022-09-30	NotesSegmentInformationEtcQuarterlyConsolidatedFinancialStatementsTextBlock	12	3	15	33	0	0	match
S100PK8B	34330	043000	2022-09-30	NotesSegmentInformationEtcQuarterlyConsolidatedFinancialStatementsTextBlock	20	5	23	43	0	0	match
S100PK95	95080	043000	2022-09-30	NotesSegmentInformationEtcQuarterlyConsolidatedFinancialStatementsTextBlock	24	8	27	66	0	0	match
S100PKDB	89340	043000	2022-09-30	NotesSegmentInformationEtcQuarterlyConsolidatedFinancialStatementsTextBlock	19	4	21	37	0	0	match
S100PKDH	87070	043000	2022-09-30	NotesSegmentInformationEtcQuarterlyConsolidatedFinancialStatementsTextBlock	11	7	8	72	0	0	match
S100PKFJ	85110	043000	2022-09-30	NotesSegmentInformationEtcQuarterlyConsolidatedFinancialStatementsTextBlock	11	3	12	28	0	0	match
S100PKGI	87150	043000	2022-09-30	NotesSegmentInformationEtcQuarterlyConsolidatedFinancialStatementsTextBlock	11	3	13	44	0	0	match
S100PKGU	86010	043000	2022-09-30	NotesSegmentInformationEtcQuarterlyConsolidatedFinancialStatementsTextBlock	17	5	19	48	0	0	match
S100PKMT	54580	043000	2022-09-30	NotesSegmentInformationEtcQuarterlyConsolidatedFinancialStatementsTextBlock	12	3	13	25	0	0	match
S100PKNK	77020	043000	2022-09-30	NotesSegmentInformationEtcQuarterlyConsolidatedFinancialStatementsTextBlock	27	6	29	47	0	0	match
S100PKNS	56030	043000	2022-09-30	NotesSegmentInformationEtcQuarterlyConsolidatedFinancialStatementsTextBlock	20	5	23	43	0	0	match
S100PKQ9	69820	043000	2022-09-30	NotesSegmentInformationEtcQuarterlyFinancialStatementsTextBlock	10	3	10	11	0	0	match
S100PKQK	66250	043000	2022-09-30	NotesSegmentInformationEtcQuarterlyConsolidatedFinancialStatementsTextBlock	16	4	19	38	0	0	match
S100PKTM	80750	043000	2022-09-30	NotesSegmentInformationEtcQuarterlyConsolidatedFinancialStatementsTextBlock	28	7	29	45	0	0	match
S100PKXW	42280	043000	2022-09-30	FootnotesRegardingSegmentInformationTableTextBlock | NotesSegmentInformationEtcQuarterlyConsolidatedFinancialStatementsTextBlock	12	3	13	29	0	0	match
S100PL4J	95070	043000	2022-09-30	NotesSegmentInformationEtcQuarterlyConsolidatedFinancialStatementsTextBlock	28	7	31	53	0	0	match
S100PLD3	22960	043000	2022-09-30	NotesSegmentInformationEtcQuarterlyConsolidatedFinancialStatementsTextBlock	16	4	19	38	0	0	match
S100PLD8	19610	043000	2022-09-30	NotesSegmentInformationEtcQuarterlyConsolidatedFinancialStatementsTextBlock	24	6	27	48	0	0	match
S100PLKF	92210	043000	2022-09-30	NotesSegmentInformationEtcQuarterlyConsolidatedFinancialStatementsTextBlock	20	5	23	14	0	0	match
S100PLON	74190	043000	2022-09-30	NotesSegmentInformationEtcQuarterlyConsolidatedFinancialStatementsTextBlock	24	6	27	48	0	0	match
S100PLU6	83860	043000	2022-09-30	NotesSegmentInformationEtcSemiAnnualConsolidatedFinancialStatementsTextBlock	15	7	17	196	0	0	match
S100PLXJ	52610	043000	2022-09-30	NotesSegmentInformationEtcQuarterlyConsolidatedFinancialStatementsTextBlock	28	7	35	46	0	0	match
S100PM71	74600	043000	2022-09-30	NotesSegmentInformationEtcQuarterlyConsolidatedFinancialStatementsTextBlock	20	5	21	35	0	0	match
S100PM7Z	96280	043000	2022-09-30	FootnotesRegardingSegmentInformationTableTextBlock | NotesSegmentInformationEtcQuarterlyConsolidatedFinancialStatementsTextBlock	20	5	21	43	0	0	match
S100PMAY	34200	043000	2022-09-30	NotesSegmentInformationEtcQuarterlyConsolidatedFinancialStatementsTextBlock	14	5	14	16	0	0	match
S100PMBM	33920	043000	2022-09-30	NotesSegmentInformationEtcQuarterlyConsolidatedFinancialStatementsTextBlock	19	5	20	36	0	0	match
S100PMBS	99060	043000	2022-09-30	NotesSegmentInformationEtcQuarterlyConsolidatedFinancialStatementsTextBlock	19	4	21	37	0	0	match
S100PMCU	60920	043000	2022-09-30	NotesSegmentInformationEtcQuarterlyConsolidatedFinancialStatementsTextBlock	16	4	17	30	0	0	match
S100PMH1	73810	043000	2022-09-30	NotesSegmentInformationEtcSemiAnnualConsolidatedFinancialStatementsTextBlock	12	6	13	35	0	0	match
S100PMHN	38250	043000	2022-09-30	NotesSegmentInformationEtcQuarterlyConsolidatedFinancialStatementsTextBlock	24	6	25	40	0	0	match
S100PMJS	83650	043000	2022-09-30	NotesSegmentInformationEtcSemiAnnualConsolidatedFinancialStatementsTextBlock	16	8	18	119	0	0	match
S100PMK1	32930	043000	2022-09-30	NotesSegmentInformationEtcQuarterlyConsolidatedFinancialStatementsTextBlock	23	5	25	42	0	0	match
S100PMNI	71620	043000	2022-09-30	NotesSegmentInformationEtcQuarterlyConsolidatedFinancialStatementsTextBlock	23	9	24	61	0	0	match
S100PN2A	85240	043000	2022-09-30	NotesSegmentInformationEtcSemiAnnualConsolidatedFinancialStatementsTextBlock	16	8	19	148	0	0	match
S100PN73	85510	043000	2022-09-30	NotesSegmentInformationEtcSemiAnnualConsolidatedFinancialStatementsTextBlock	16	8	17	98	0	0	match
S100PNAZ	83640	043000	2022-09-30	NotesSegmentInformationEtcSemiAnnualConsolidatedFinancialStatementsTextBlock	15	7	17	126	0	0	match
S100PNC4	85620	043000	2022-09-30	NotesSegmentInformationEtcSemiAnnualConsolidatedFinancialStatementsTextBlock	15	7	16	94	0	0	match
S100PNC9	83440	043000	2022-09-30	NotesSegmentInformationEtcSemiAnnualConsolidatedFinancialStatementsTextBlock	18	8	20	138	0	0	match
S100PNCW	85630	043000	2022-09-30	NotesSegmentInformationEtcSemiAnnualConsolidatedFinancialStatementsTextBlock	16	8	19	150	0	0	match
S100PNK9	87660	043000	2022-09-30	NotesSegmentInformationEtcSemiAnnualConsolidatedFinancialStatementsTextBlock	18	8	20	198	0	0	match
S100PNKT	83370	043000	2022-09-30	NotesSegmentInformationEtcSemiAnnualConsolidatedFinancialStatementsTextBlock	18	8	20	202	0	0	match
S100PNM9	83580	043000	2022-09-30	NotesSegmentInformationEtcSemiAnnualConsolidatedFinancialStatementsTextBlock	13	5	14	96	0	0	match
S100PNOZ	83680	043000	2022-09-30	NotesSegmentInformationEtcSemiAnnualConsolidatedFinancialStatementsTextBlock	15	7	17	184	0	0	match
S100PNR4	71610	043000	2022-09-30	NotesSegmentInformationEtcSemiAnnualConsolidatedFinancialStatementsTextBlock	16	8	18	150	0	0	match
S100PNRD	84160	043000	2022-09-30	NotesSegmentInformationEtcSemiAnnualConsolidatedFinancialStatementsTextBlock	16	8	18	154	0	0	match
S100PNS2	73270	043000	2022-09-30	NotesSegmentInformationEtcSemiAnnualConsolidatedFinancialStatementsTextBlock	18	8	20	138	0	0	match
S100PNV0	83430	043000	2022-09-30	NotesSegmentInformationEtcSemiAnnualConsolidatedFinancialStatementsTextBlock	16	8	19	196	0	0	match
S100PNVZ	83700	043000	2022-09-30	NotesSegmentInformationEtcSemiAnnualConsolidatedFinancialStatementsTextBlock	9	3	9	131	0	0	match
S100PNX5	83950	043000	2022-09-30	NotesSegmentInformationEtcSemiAnnualConsolidatedFinancialStatementsTextBlock	19	9	21	142	0	0	match
S100PNYA	83030	043000	2022-09-30	NotesSegmentInformationEtcSemiAnnualConsolidatedFinancialStatementsTextBlock	33	19	20	423	0	0	match
S100PO4E	83450	043000	2022-09-30	NotesSegmentInformationEtcSemiAnnualConsolidatedFinancialStatementsTextBlock	17	7	19	158	0	0	match
S100PO5L	83340	043000	2022-09-30	NotesSegmentInformationEtcSemiAnnualConsolidatedFinancialStatementsTextBlock	15	7	17	210	0	0	match
S100PO5T	83810	043000	2022-09-30	NotesSegmentInformationEtcSemiAnnualConsolidatedFinancialStatementsTextBlock	15	7	17	184	0	0	match
S100PO89	73260	043000	2022-09-30	NotesSegmentInformationEtcSemiAnnualConsolidatedFinancialStatementsTextBlock	12	4	14	110	0	0	match
S100POA1	83460	043000	2022-09-30	NotesSegmentInformationEtcSemiAnnualConsolidatedFinancialStatementsTextBlock	21	9	22	142	0	0	match
S100POAC	83590	043000	2022-09-30	NotesSegmentInformationEtcSemiAnnualConsolidatedFinancialStatementsTextBlock	15	7	17	174	0	0	match
S100POAV	71840	043000	2022-09-30	NotesSegmentInformationEtcSemiAnnualConsolidatedFinancialStatementsTextBlock	15	7	17	198	0	0	match
S100POBR	73800	043000	2022-09-30	NotesSegmentInformationEtcSemiAnnualConsolidatedFinancialStatementsTextBlock	15	7	17	73	0	0	match
S100POGW	87140	043000	2022-09-30	NotesSegmentInformationEtcSemiAnnualConsolidatedFinancialStatementsTextBlock	15	7	17	169	0	0	match
S100POIP	71500	043000	2022-09-30	NotesSegmentInformationEtcSemiAnnualConsolidatedFinancialStatementsTextBlock	14	7	15	175	0	0	match
S100POIU	85220	043000	2022-09-30	NotesSegmentInformationEtcSemiAnnualConsolidatedFinancialStatementsTextBlock	16	6	22	135	0	0	match
S100POJZ	71890	043000	2022-09-30	NotesSegmentInformationEtcSemiAnnualConsolidatedFinancialStatementsTextBlock	11	5	12	82	0	0	match
S100POKZ	71730	043000	2022-09-30	NotesSegmentInformationEtcSemiAnnualConsolidatedFinancialStatementsTextBlock	16	8	23	201	0	0	match
S100POM0	83830	043000	2022-09-30	NotesSegmentInformationEtcSemiAnnualConsolidatedFinancialStatementsTextBlock	11	5	12	100	0	0	match
S100PONL	73220	043000	2022-09-30	NotesSegmentInformationEtcSemiAnnualConsolidatedFinancialStatementsTextBlock	15	7	17	151	0	0	match
S100POOD	83360	043000	2022-09-30	NotesSegmentInformationEtcSemiAnnualConsolidatedFinancialStatementsTextBlock	18	8	26	151	0	0	match
S100PORP	87950	043000	2022-09-30	NotesSegmentInformationEtcSemiAnnualConsolidatedFinancialStatementsTextBlock	17	5	19	312	0	0	match
S100POT1	83490	043000	2022-09-30	NotesSegmentInformationEtcSemiAnnualConsolidatedFinancialStatementsTextBlock	15	7	18	180	0	0	match
S100POVT	83990	043000	2022-09-30	NotesSegmentInformationEtcSemiAnnualConsolidatedFinancialStatementsTextBlock	21	9	23	166	0	0	match
S100POW2	73840	043000	2022-09-30	NotesSegmentInformationEtcSemiAnnualConsolidatedFinancialStatementsTextBlock	16	8	18	54	0	0	match
S100POXI	83920	043000	2022-09-30	NotesSegmentInformationEtcSemiAnnualConsolidatedFinancialStatementsTextBlock	14	6	16	124	0	0	match
S100POZC	61780	043000	2022-09-30	NotesSegmentInformationEtcSemiAnnualConsolidatedFinancialStatementsTextBlock	20	6	28	356	0	0	match
S100PP22	83930	043000	2022-09-30	NotesSegmentInformationEtcSemiAnnualConsolidatedFinancialStatementsTextBlock	16	8	18	107	0	0	match
S100PP4R	85410	043000	2022-09-30	NotesSegmentInformationEtcSemiAnnualConsolidatedFinancialStatementsTextBlock	14	6	16	184	0	0	match
S100PP6L	85420	043000	2022-09-30	NotesSegmentInformationEtcSemiAnnualConsolidatedFinancialStatementsTextBlock	15	7	17	114	0	0	match
S100PPBE	71800	043000	2022-09-30	NotesSegmentInformationEtcSemiAnnualConsolidatedFinancialStatementsTextBlock	21	9	23	134	0	0	match
S100PPC1	83670	043000	2022-09-30	NotesSegmentInformationEtcSemiAnnualConsolidatedFinancialStatementsTextBlock	15	7	17	155	0	0	match
S100PPO7	73500	043000	2022-09-30	NotesSegmentInformationEtcSemiAnnualConsolidatedFinancialStatementsTextBlock	15	7	17	53	0	0	match
S100PT4M	96270	043000	2022-10-31	NotesSegmentInformationEtcQuarterlyConsolidatedFinancialStatementsTextBlock	16	4	17	30	0	0	match
S100PT7P	94440	043000	2022-10-31	NotesSegmentInformationEtcQuarterlyConsolidatedFinancialStatementsTextBlock	19	4	21	39	0	0	match
S100QHWZ	75310	030000	2022-12-31	NotesSegmentInformationEtcConsolidatedFinancialStatementsTextBlock	15	3	15	20	0	0	match
S100QLAX	30480	043000	2023-02-28	NotesSegmentInformationEtcQuarterlyConsolidatedFinancialStatementsTextBlock	15	3	17	38	0	0	match
S100QLTS	70650	043000	2023-02-28	NotesSegmentInformationEtcQuarterlyConsolidatedFinancialStatementsTextBlock	12	3	13	25	0	0	match
S100QO4B	36360	043000	2023-03-31	NotesSegmentInformationEtcQuarterlyConsolidatedFinancialStatementsTextBlock	12	3	13	25	0	0	match
S100QQUD	57240	043000	2023-03-31	NotesSegmentInformationEtcQuarterlyConsolidatedFinancialStatementsTextBlock	20	5	23	35	0	0	match
S100QQUM	78060	043000	2023-03-31	NotesSegmentInformationEtcQuarterlyConsolidatedFinancialStatementsTextBlock	28	7	29	45	0	0	match
S100QRZ1	82760	030000	2023-02-20	NotesSegmentInformationEtcConsolidatedFinancialStatementsTextBlock	11	3	13	22	0	0	match
S100QXPP	23730	043000	2023-04-30	NotesSegmentInformationEtcQuarterlyConsolidatedFinancialStatementsTextBlock	16	4	19	38	0	0	match
S100QXRZ	87950	030000	2023-03-31	NotesSegmentInformationEtcConsolidatedFinancialStatementsTextBlock	17	5	19	24	0	0	match
S100QXYT	73800	030000	2023-03-31	NotesSegmentInformationEtcConsolidatedFinancialStatementsTextBlock	15	7	17	21	0	0	match
S100QYOR	58320	030000	2023-03-31	NotesSegmentInformationEtcConsolidatedFinancialStatementsTextBlock	18	8	20	6	0	0	match
S100QYSB	71800	030000	2023-03-31	NotesSegmentInformationEtcConsolidatedFinancialStatementsTextBlock	21	9	23	22	0	0	match
S100QZ41	58310	030000	2023-03-31	NotesSegmentInformationEtcConsolidatedFinancialStatementsTextBlock	15	7	17	6	0	0	match
S100QZ9L	87140	030000	2023-03-31	NotesSegmentInformationEtcConsolidatedFinancialStatementsTextBlock	15	7	17	21	0	0	match
S100QZCI	83440	030000	2023-03-31	NotesSegmentInformationEtcConsolidatedFinancialStatementsTextBlock	18	8	20	22	0	0	match
S100QZFV	83680	030000	2023-03-31	NotesSegmentInformationEtcConsolidatedFinancialStatementsTextBlock	15	7	17	20	0	0	match
S100QZMT	83640	030000	2023-03-31	NotesSegmentInformationEtcConsolidatedFinancialStatementsTextBlock	15	7	17	20	0	0	match
S100R0C5	83590	030000	2023-03-31	NotesSegmentInformationEtcConsolidatedFinancialStatementsTextBlock	15	7	17	18	0	0	match
S100R0UP	71610	030000	2023-03-31	NotesSegmentInformationEtcConsolidatedFinancialStatementsTextBlock	16	8	18	20	0	0	match
S100R14H	71730	030000	2023-03-31	NotesSegmentInformationEtcConsolidatedFinancialStatementsTextBlock	16	8	23	19	0	0	match
S100R1FS	73890	030000	2023-03-31	NotesSegmentInformationEtcConsolidatedFinancialStatementsTextBlock	15	7	17	6	0	0	match
S100R1I6	83490	030000	2023-03-31	NotesSegmentInformationEtcConsolidatedFinancialStatementsTextBlock	15	7	18	20	0	0	match
S100R1JE	83920	030000	2023-03-31	NotesSegmentInformationEtcConsolidatedFinancialStatementsTextBlock	14	6	16	20	0	0	match
S100R1KF	61780	030000	2023-03-31	NotesSegmentInformationEtcConsolidatedFinancialStatementsTextBlock	20	6	28	28	0	0	match
S100R1KT	83450	030000	2023-03-31	NotesSegmentInformationEtcConsolidatedFinancialStatementsTextBlock	17	7	19	22	0	0	match
S100R1OH	83990	030000	2023-03-31	NotesSegmentInformationEtcConsolidatedFinancialStatementsTextBlock	20	6	22	27	0	0	match
S100R1YA	85500	030000	2023-03-31	NotesSegmentInformationEtcConsolidatedFinancialStatementsTextBlock	15	7	17	20	0	0	match
S100R2KU	83810	030000	2023-03-31	NotesSegmentInformationEtcConsolidatedFinancialStatementsTextBlock	15	7	17	20	0	0	match
S100R2KW	73220	030000	2023-03-31	NotesSegmentInformationEtcConsolidatedFinancialStatementsTextBlock	15	7	17	22	0	0	match
S100R2SI	83370	030000	2023-03-31	NotesSegmentInformationEtcConsolidatedFinancialStatementsTextBlock	18	8	20	22	0	0	match
S100R2SR	83460	030000	2023-03-31	NotesSegmentInformationEtcConsolidatedFinancialStatementsTextBlock	21	9	22	20	0	0	match
S100R2UI	85630	030000	2023-03-31	NotesSegmentInformationEtcConsolidatedFinancialStatementsTextBlock	15	7	17	21	0	0	match
S100R3BI	71500	030000	2023-03-31	NotesSegmentInformationEtcConsolidatedFinancialStatementsTextBlock	14	7	15	19	0	0	match
S100R3EJ	83930	030000	2023-03-31	NotesSegmentInformationEtcConsolidatedFinancialStatementsTextBlock	16	8	18	20	0	0	match
S100R4M5	85240	030000	2023-03-31	NotesSegmentInformationEtcConsolidatedFinancialStatementsTextBlock	15	7	17	20	0	0	match
S100R51Z	83340	030000	2023-03-31	NotesSegmentInformationEtcConsolidatedFinancialStatementsTextBlock	15	7	17	18	0	0	match
S100R5AR	83430	030000	2023-03-31	NotesSegmentInformationEtcConsolidatedFinancialStatementsTextBlock	16	8	19	20	0	0	match
S100R5BT	73270	030000	2023-03-31	NotesSegmentInformationEtcConsolidatedFinancialStatementsTextBlock	18	8	20	21	0	0	match
S100R5WY	83700	030000	2023-03-31	NotesSegmentInformationEtcConsolidatedFinancialStatementsTextBlock	7	3	9	17	0	0	match
S100R62U	62920	030000	2023-03-31	NotesSegmentInformationEtcConsolidatedFinancialStatementsTextBlock	26	11	27	32	0	0	match
S100R6GJ	73500	030000	2023-03-31	NotesSegmentInformationEtcConsolidatedFinancialStatementsTextBlock	15	7	17	18	0	0	match
S100R6KE	83580	030000	2023-03-31	NotesSegmentInformationEtcConsolidatedFinancialStatementsTextBlock	13	5	14	18	0	0	match
S100R6LO	56030	030000	2023-03-31	NotesSegmentInformationEtcConsolidatedFinancialStatementsTextBlock	20	5	23	33	0	0	match
S100R6PS	73840	030000	2023-03-31	NotesSegmentInformationEtcConsolidatedFinancialStatementsTextBlock	16	8	18	8	0	0	match
S100R6QP	83360	030000	2023-03-31	NotesSegmentInformationEtcConsolidatedFinancialStatementsTextBlock	18	8	26	21	0	0	match
S100R79B	73370	030000	2023-03-31	NotesSegmentInformationEtcConsolidatedFinancialStatementsTextBlock	16	8	18	20	0	0	match
S100R7C8	83950	030000	2023-03-31	NotesSegmentInformationEtcConsolidatedFinancialStatementsTextBlock	19	9	21	22	0	0	match
S100R7T9	85420	030000	2023-03-31	NotesSegmentInformationEtcConsolidatedFinancialStatementsTextBlock	15	7	17	20	0	0	match
S100R81Y	71840	030000	2023-03-31	NotesSegmentInformationEtcConsolidatedFinancialStatementsTextBlock	15	7	17	22	0	0	match
S100R8KX	83860	030000	2023-03-31	NotesSegmentInformationEtcConsolidatedFinancialStatementsTextBlock	15	7	17	20	0	0	match
S100R98R	99060	030000	2023-03-31	NotesSegmentInformationEtcConsolidatedFinancialStatementsTextBlock	19	4	21	34	0	0	match
S100R9PU	85410	030000	2023-03-31	NotesSegmentInformationEtcConsolidatedFinancialStatementsTextBlock	14	6	16	20	0	0	match
S100R9RV	83670	030000	2023-03-31	NotesSegmentInformationEtcConsolidatedFinancialStatementsTextBlock	15	7	17	20	0	0	match
S100RA5R	58300	030000	2023-03-31	NotesSegmentInformationEtcConsolidatedFinancialStatementsTextBlock	15	7	17	6	0	0	match
S100RABG	71890	030000	2023-03-31	NotesSegmentInformationEtcConsolidatedFinancialStatementsTextBlock	11	5	12	14	0	0	match
S100RAIT	83650	030000	2023-03-31	NotesSegmentInformationEtcConsolidatedFinancialStatementsTextBlock	16	8	18	20	0	0	match
S100RHF7	67230	043000	2023-06-30	InformationAboutGeographicalAreasIFRSTextBlock | NotesSegmentInformationCondensedQuarterlyConsolidatedFinancialStatementsIFRSTextBlock	19	3	16	110	0	0	match
S100RJMX	55630	043000	2023-06-30	NotesSegmentInformationEtcQuarterlyConsolidatedFinancialStatementsTextBlock	24	6	27	48	0	0	match
S100RJUT	64400	043000	2023-06-30	NotesSegmentInformationEtcQuarterlyConsolidatedFinancialStatementsTextBlock	16	4	19	38	0	0	match
S100RKUC	37880	043000	2023-06-30	NotesSegmentInformationEtcQuarterlyConsolidatedFinancialStatementsTextBlock	16	4	17	30	0	0	match
S100RLVJ	81790	043000	2023-06-30	NotesSegmentInformationEtcQuarterlyConsolidatedFinancialStatementsTextBlock	18	6	21	54	0	0	match
S100RMEN	23110	043000	2023-06-30	NotesSegmentInformationEtcQuarterlyConsolidatedFinancialStatementsTextBlock	16	4	17	30	0	0	match
S100RNAH	75310	043000	2023-06-30	NotesSegmentInformationEtcQuarterlyConsolidatedFinancialStatementsTextBlock	16	4	17	30	0	0	match
S100RNBB	19110	043000	2023-06-30	NotesSegmentInformationEtcQuarterlyConsolidatedFinancialStatementsTextBlock	24	6	27	48	0	0	match
S100RNV4	36830	043000	2023-06-30	NotesSegmentInformationEtcQuarterlyConsolidatedFinancialStatementsTextBlock	20	5	21	35	0	0	match
S100RO9O	29860	043000	2023-06-30	NotesSegmentInformationEtcQuarterlyConsolidatedFinancialStatementsTextBlock	19	4	21	39	0	0	match
S100RT8D	59330	043000	2023-09-20	NotesSegmentInformationEtcQuarterlyConsolidatedFinancialStatementsTextBlock	20	5	21	35	0	0	match
S100RWBA	95020	043000	2023-09-30	NotesSegmentInformationEtcQuarterlyConsolidatedFinancialStatementsTextBlock	14	5	16	49	0	0	match
S100RXVA	82760	043000	2023-08-20	NotesSegmentInformationEtcQuarterlyConsolidatedFinancialStatementsTextBlock	12	4	15	42	0	0	match
S100RZU6	81940	043000	2023-08-31	NotesSegmentInformationEtcQuarterlyConsolidatedFinancialStatementsTextBlock	9	3	11	28	0	0	match
S100S04I	26850	043000	2023-08-31	NotesSegmentInformationEtcQuarterlyConsolidatedFinancialStatementsTextBlock	12	3	13	25	0	0	match
S100S0LZ	82470	043000	2023-08-31	NotesSegmentInformationEtcQuarterlyConsolidatedFinancialStatementsTextBlock	24	6	27	48	0	0	match
S100S264	30040	043000	2023-09-30	NotesSegmentInformationEtcQuarterlyConsolidatedFinancialStatementsTextBlock	19	4	19	29	0	0	match
S100S2BC	54100	043000	2023-09-30	NotesSegmentInformationEtcQuarterlyConsolidatedFinancialStatementsTextBlock	12	4	14	18	0	0	match
S100S2LU	30360	043000	2023-09-30	NotesSegmentInformationEtcQuarterlyConsolidatedFinancialStatementsTextBlock	19	4	19	29	0	0	match
S100S357	93060	043000	2023-09-30	NotesSegmentInformationEtcQuarterlyConsolidatedFinancialStatementsTextBlock	8	2	9	24	0	0	match
S100S3J5	99500	043000	2023-09-20	NotesSegmentInformationEtcQuarterlyConsolidatedFinancialStatementsTextBlock	12	4	14	34	0	0	match
S100S3MZ	95130	043000	2023-09-30	NotesSegmentInformationEtcQuarterlyConsolidatedFinancialStatementsTextBlock	15	5	17	40	0	0	match
S100S43L	99910	043000	2023-09-30	NotesSegmentInformationEtcQuarterlyConsolidatedFinancialStatementsTextBlock	12	3	13	25	0	0	match
S100S44I	81500	043000	2023-09-30	NotesSegmentInformationEtcQuarterlyConsolidatedFinancialStatementsTextBlock	10	4	10	11	0	0	match
S100S4A1	98780	043000	2023-09-20	NotesSegmentInformationEtcQuarterlyConsolidatedFinancialStatementsTextBlock	20	5	21	35	0	0	match
S100S4BS	50210	043000	2023-09-30	NotesSegmentInformationEtcQuarterlyConsolidatedFinancialStatementsTextBlock	21	6	22	34	0	0	match
S100S4DC	80780	043000	2023-09-30	NotesSegmentInformationEtcQuarterlyConsolidatedFinancialStatementsTextBlock	30	6	31	60	0	0	match
S100S4DO	95090	043000	2023-09-30	NotesSegmentInformationEtcQuarterlyConsolidatedFinancialStatementsTextBlock	16	4	19	38	0	0	match
S100S4IS	32930	043000	2023-09-30	NotesSegmentInformationEtcQuarterlyConsolidatedFinancialStatementsTextBlock	23	5	25	42	0	0	match
S100S4NA	15140	043000	2023-09-30	NotesSegmentInformationEtcQuarterlyConsolidatedFinancialStatementsTextBlock	15	3	15	24	0	0	match
S100S4RD	75080	043000	2023-09-30	NotesSegmentInformationEtcQuarterlyConsolidatedFinancialStatementsTextBlock	20	5	23	43	0	0	match
S100S4RE	91070	043000	2023-09-30	NotesSegmentInformationEtcQuarterlyConsolidatedFinancialStatementsTextBlock	20	5	21	35	0	0	match
S100S4U9	80050	043000	2023-09-30	NotesSegmentInformationEtcQuarterlyConsolidatedFinancialStatementsTextBlock	24	6	25	40	0	0	match
S100S4V6	95060	043000	2023-09-30	NotesSegmentInformationEtcQuarterlyConsolidatedFinancialStatementsTextBlock	20	5	23	43	0	0	match
S100S4WP	34670	043000	2023-09-30	NotesSegmentInformationEtcQuarterlyFinancialStatementsTextBlock	12	3	13	25	0	0	match
S100S52L	95050	043000	2023-09-30	NotesSegmentInformationEtcQuarterlyConsolidatedFinancialStatementsTextBlock	16	4	17	30	0	0	match
S100S52W	80810	043000	2023-09-30	NotesSegmentInformationEtcQuarterlyConsolidatedFinancialStatementsTextBlock	19	4	19	31	0	0	match
S100S586	64670	043000	2023-09-30	NotesSegmentInformationEtcQuarterlyConsolidatedFinancialStatementsTextBlock	16	4	17	30	0	0	match
S100S5H8	34220	043000	2023-09-30	NotesSegmentInformationEtcQuarterlyConsolidatedFinancialStatementsTextBlock	19	4	19	29	0	0	match
S100S5N8	34200	043000	2023-09-30	NotesSegmentInformationEtcQuarterlyConsolidatedFinancialStatementsTextBlock	16	4	17	30	0	0	match
S100S5OA	57110	043000	2023-09-30	NotesSegmentInformationEtcQuarterlyConsolidatedFinancialStatementsTextBlock	24	6	25	40	0	0	match
S100S5T1	88770	043000	2023-09-30	NotesSegmentInformationEtcQuarterlyConsolidatedFinancialStatementsTextBlock	12	3	13	25	0	0	match
S100S5UH	33710	043000	2023-09-30	NotesSegmentInformationEtcQuarterlyConsolidatedFinancialStatementsTextBlock	12	3	13	25	0	0	match
S100S5VE	57060	043000	2023-09-30	NotesSegmentInformationEtcQuarterlyConsolidatedFinancialStatementsTextBlock	20	5	21	35	0	0	match
S100S5WN	27600	043000	2023-09-30	NotesSegmentInformationEtcQuarterlyConsolidatedFinancialStatementsTextBlock	12	3	13	25	0	0	match
S100S5YJ	79710	043000	2023-09-30	NotesSegmentInformationEtcQuarterlyConsolidatedFinancialStatementsTextBlock	12	3	13	25	0	0	match
S100S675	80970	043000	2023-09-30	NotesSegmentInformationEtcQuarterlyConsolidatedFinancialStatementsTextBlock	24	6	25	40	0	0	match
S100S6B1	95030	043000	2023-09-30	NotesSegmentInformationEtcQuarterlyConsolidatedFinancialStatementsTextBlock	20	5	21	35	0	0	match
S100S6DA	83860	043000	2023-09-30	NotesSegmentInformationEtcSemiAnnualConsolidatedFinancialStatementsTextBlock	15	7	17	196	0	0	match
S100S6EU	62920	043000	2023-09-30	FootnotesRegardingSegmentInformationTableTextBlock | NotesSegmentInformationEtcQuarterlyConsolidatedFinancialStatementsTextBlock	20	5	21	39	0	0	match
S100S6JT	87070	043000	2023-09-30	NotesSegmentInformationEtcQuarterlyConsolidatedFinancialStatementsTextBlock	11	7	8	72	0	0	match
S100S6K4	66660	043000	2023-09-30	NotesSegmentInformationEtcQuarterlyConsolidatedFinancialStatementsTextBlock	11	2	13	29	0	0	match
S100S6MK	91040	043000	2023-09-30	NotesSegmentInformationEtcQuarterlyConsolidatedFinancialStatementsTextBlock	38	11	39	64	0	0	match
S100S6R0	95080	043000	2023-09-30	NotesSegmentInformationEtcQuarterlyConsolidatedFinancialStatementsTextBlock	24	8	27	66	0	0	match
S100S6R2	78400	043000	2023-09-30	FootnotesRegardingSegmentInformationTableTextBlock | NotesSegmentInformationEtcQuarterlyConsolidatedFinancialStatementsTextBlock	16	4	19	40	0	0	match
S100S6T7	91010	043000	2023-09-30	NotesSegmentInformationEtcQuarterlyConsolidatedFinancialStatementsTextBlock	28	7	29	45	0	0	match
S100S6VZ	95070	043000	2023-09-30	NotesSegmentInformationEtcQuarterlyConsolidatedFinancialStatementsTextBlock	28	7	31	53	0	0	match
S100S6W2	34330	043000	2023-09-30	NotesSegmentInformationEtcQuarterlyConsolidatedFinancialStatementsTextBlock	20	5	23	43	0	0	match
S100S6WB	46800	043000	2023-09-30	NotesSegmentInformationEtcQuarterlyConsolidatedFinancialStatementsTextBlock	15	3	15	22	0	0	match
S100S6Y5	54080	043000	2023-09-30	NotesSegmentInformationEtcQuarterlyConsolidatedFinancialStatementsTextBlock	16	4	17	32	0	0	match
S100S73F	19610	043000	2023-09-30	NotesSegmentInformationEtcQuarterlyConsolidatedFinancialStatementsTextBlock	24	6	27	48	0	0	match
S100S75S	83610	043000	2023-09-30	NotesSegmentInformationEtcSemiAnnualConsolidatedFinancialStatementsTextBlock	19	9	22	144	0	0	match
S100S76A	56030	043000	2023-09-30	NotesSegmentInformationEtcQuarterlyConsolidatedFinancialStatementsTextBlock	20	5	23	43	0	0	match
S100S7EG	69820	043000	2023-09-30	NotesSegmentInformationEtcQuarterlyFinancialStatementsTextBlock	10	3	10	11	0	0	match
S100S7I1	76370	043000	2023-09-30	NotesSegmentInformationEtcQuarterlyConsolidatedFinancialStatementsTextBlock	19	4	21	33	0	0	match
S100S7JR	96280	043000	2023-09-30	FootnotesRegardingSegmentInformationTableTextBlock | NotesSegmentInformationEtcQuarterlyConsolidatedFinancialStatementsTextBlock	20	5	21	43	0	0	match
S100S7N9	89340	043000	2023-09-30	NotesSegmentInformationEtcQuarterlyConsolidatedFinancialStatementsTextBlock	19	4	21	37	0	0	match
S100S7W1	95010	043000	2023-09-30	NotesSegmentInformationEtcQuarterlyConsolidatedFinancialStatementsTextBlock	24	6	25	40	0	0	match
S100S7WW	49780	043000	2023-09-30	NotesSegmentInformationEtcQuarterlyConsolidatedFinancialStatementsTextBlock	12	3	13	17	0	0	match
S100S7Z4	41820	043000	2023-09-30	NotesSegmentInformationEtcQuarterlyConsolidatedFinancialStatementsTextBlock	13	4	14	24	0	0	match
S100S86L	77020	043000	2023-09-30	NotesSegmentInformationEtcQuarterlyConsolidatedFinancialStatementsTextBlock	27	6	29	47	0	0	match
S100S86U	90390	043000	2023-09-30	NotesSegmentInformationEtcQuarterlyConsolidatedFinancialStatementsTextBlock	24	6	27	48	0	0	match
S100S88X	65900	043000	2023-09-30	NotesSegmentInformationEtcQuarterlyConsolidatedFinancialStatementsTextBlock	19	4	19	29	0	0	match
S100S8C4	57140	043000	2023-09-30	NotesSegmentInformationEtcQuarterlyConsolidatedFinancialStatementsTextBlock	28	7	31	53	0	0	match
S100S8H1	66250	043000	2023-09-30	NotesSegmentInformationEtcQuarterlyConsolidatedFinancialStatementsTextBlock	16	4	19	46	0	0	match
S100S8H8	74190	043000	2023-09-30	NotesSegmentInformationEtcQuarterlyConsolidatedFinancialStatementsTextBlock	28	7	31	53	0	0	match
S100S8M0	85110	043000	2023-09-30	NotesSegmentInformationEtcQuarterlyConsolidatedFinancialStatementsTextBlock	11	3	12	28	0	0	match
S100S8OP	84100	043000	2023-09-30	NotesSegmentInformationEtcSemiAnnualConsolidatedFinancialStatementsTextBlock	13	5	14	125	0	0	match
S100S8P2	52610	043000	2023-09-30	NotesSegmentInformationEtcQuarterlyConsolidatedFinancialStatementsTextBlock	28	7	35	46	0	0	match
S100S8P3	86010	043000	2023-09-30	NotesSegmentInformationEtcQuarterlyConsolidatedFinancialStatementsTextBlock	17	5	19	48	0	0	match
S100S8QE	74600	043000	2023-09-30	NotesSegmentInformationEtcQuarterlyConsolidatedFinancialStatementsTextBlock	24	6	25	40	0	0	match
S100S8UD	90670	043000	2023-09-30	NotesSegmentInformationEtcQuarterlyConsolidatedFinancialStatementsTextBlock	18	6	20	47	0	0	match
S100S8US	73370	043000	2023-09-30	NotesSegmentInformationEtcSemiAnnualConsolidatedFinancialStatementsTextBlock	16	8	18	120	0	0	match
S100S8YY	57070	043000	2023-09-30	NotesSegmentInformationEtcQuarterlyConsolidatedFinancialStatementsTextBlock	24	6	27	48	0	0	match
S100S975	87500	043000	2023-09-30	NotesSegmentInformationEtcSemiAnnualConsolidatedFinancialStatementsTextBlock	13	5	14	197	0	0	match
S100S996	33920	043000	2023-09-30	NotesSegmentInformationEtcQuarterlyConsolidatedFinancialStatementsTextBlock	19	5	20	36	0	0	match
S100S997	81230	043000	2023-09-30	NotesSegmentInformationEtcQuarterlyConsolidatedFinancialStatementsTextBlock	12	3	13	17	0	0	match
S100S9JN	99060	043000	2023-09-30	NotesSegmentInformationEtcQuarterlyConsolidatedFinancialStatementsTextBlock	22	4	21	34	0	0	match
S100S9N4	87150	043000	2023-09-30	NotesSegmentInformationEtcQuarterlyConsolidatedFinancialStatementsTextBlock	11	3	13	44	0	0	match
S100S9NQ	54580	043000	2023-09-30	NotesSegmentInformationEtcQuarterlyConsolidatedFinancialStatementsTextBlock	12	3	13	25	0	0	match
S100S9QV	42280	043000	2023-09-30	FootnotesRegardingSegmentInformationTableTextBlock | NotesSegmentInformationEtcQuarterlyConsolidatedFinancialStatementsTextBlock	12	3	13	29	0	0	match
S100S9UP	71620	043000	2023-09-30	NotesSegmentInformationEtcQuarterlyConsolidatedFinancialStatementsTextBlock	19	7	21	63	0	0	match
S100SA1M	85500	043000	2023-09-30	NotesSegmentInformationEtcSemiAnnualConsolidatedFinancialStatementsTextBlock	15	7	17	124	0	0	match
S100SA2F	60920	043000	2023-09-30	NotesSegmentInformationEtcQuarterlyConsolidatedFinancialStatementsTextBlock	16	4	17	30	0	0	match
S100SA2U	58300	043000	2023-09-30	NotesSegmentInformationEtcSemiAnnualConsolidatedFinancialStatementsTextBlock	15	7	17	94	0	0	match
S100SA3C	80750	043000	2023-09-30	NotesSegmentInformationEtcQuarterlyConsolidatedFinancialStatementsTextBlock	28	7	29	45	0	0	match
S100SAAG	85620	043000	2023-09-30	NotesSegmentInformationEtcSemiAnnualConsolidatedFinancialStatementsTextBlock	15	7	16	94	0	0	match
S100SABK	85510	043000	2023-09-30	NotesSegmentInformationEtcSemiAnnualConsolidatedFinancialStatementsTextBlock	16	8	17	98	0	0	match
S100SABO	29150	043000	2023-09-30	NotesSegmentInformationEtcQuarterlyConsolidatedFinancialStatementsTextBlock	16	4	19	38	0	0	match
S100SAC9	22960	043000	2023-09-30	NotesSegmentInformationEtcQuarterlyConsolidatedFinancialStatementsTextBlock	16	4	19	38	0	0	match
S100SAPS	48380	043000	2023-09-30	NotesSegmentInformationEtcQuarterlyConsolidatedFinancialStatementsTextBlock	16	4	17	30	0	0	match
S100SB05	85240	043000	2023-09-30	NotesSegmentInformationEtcSemiAnnualConsolidatedFinancialStatementsTextBlock	16	8	19	148	0	0	match
S100SBB4	84160	043000	2023-09-30	NotesSegmentInformationEtcSemiAnnualConsolidatedFinancialStatementsTextBlock	16	8	18	154	0	0	match
S100SBBM	83700	043000	2023-09-30	NotesSegmentInformationEtcSemiAnnualConsolidatedFinancialStatementsTextBlock	9	3	9	131	0	0	match
S100SBEH	71610	043000	2023-09-30	NotesSegmentInformationEtcSemiAnnualConsolidatedFinancialStatementsTextBlock	16	8	18	148	0	0	match
S100SBHA	83640	043000	2023-09-30	NotesSegmentInformationEtcSemiAnnualConsolidatedFinancialStatementsTextBlock	15	7	17	120	0	0	match
S100SBHG	73270	043000	2023-09-30	NotesSegmentInformationEtcSemiAnnualConsolidatedFinancialStatementsTextBlock	18	8	20	138	0	0	match
S100SBHL	83680	043000	2023-09-30	NotesSegmentInformationEtcSemiAnnualConsolidatedFinancialStatementsTextBlock	15	7	17	184	0	0	match
S100SBIM	73810	043000	2023-09-30	NotesSegmentInformationEtcSemiAnnualConsolidatedFinancialStatementsTextBlock	12	6	13	81	0	0	match
S100SBK3	87660	043000	2023-09-30	NotesSegmentInformationEtcSemiAnnualConsolidatedFinancialStatementsTextBlock	18	8	20	198	0	0	match
S100SBK4	83340	043000	2023-09-30	NotesSegmentInformationEtcSemiAnnualConsolidatedFinancialStatementsTextBlock	15	7	17	210	0	0	match
S100SBLI	83650	043000	2023-09-30	NotesSegmentInformationEtcSemiAnnualConsolidatedFinancialStatementsTextBlock	16	8	18	119	0	0	match
S100SBMC	83370	043000	2023-09-30	NotesSegmentInformationEtcSemiAnnualConsolidatedFinancialStatementsTextBlock	18	8	20	188	0	0	match
S100SBRQ	83460	043000	2023-09-30	NotesSegmentInformationEtcSemiAnnualConsolidatedFinancialStatementsTextBlock	21	9	22	149	0	0	match
S100SBTN	83440	043000	2023-09-30	NotesSegmentInformationEtcSemiAnnualConsolidatedFinancialStatementsTextBlock	18	8	20	132	0	0	match
S100SBWG	83430	043000	2023-09-30	NotesSegmentInformationEtcSemiAnnualConsolidatedFinancialStatementsTextBlock	16	8	19	196	0	0	match
S100SBY8	85630	043000	2023-09-30	NotesSegmentInformationEtcSemiAnnualConsolidatedFinancialStatementsTextBlock	16	8	19	150	0	0	match
S100SBYP	73220	043000	2023-09-30	NotesSegmentInformationEtcSemiAnnualConsolidatedFinancialStatementsTextBlock	15	7	17	157	0	0	match
S100SC0E	83490	043000	2023-09-30	NotesSegmentInformationEtcSemiAnnualConsolidatedFinancialStatementsTextBlock	15	7	18	180	0	0	match
S100SC1Y	83580	043000	2023-09-30	NotesSegmentInformationEtcSemiAnnualConsolidatedFinancialStatementsTextBlock	13	5	14	96	0	0	match
S100SC45	71840	043000	2023-09-30	NotesSegmentInformationEtcSemiAnnualConsolidatedFinancialStatementsTextBlock	15	7	17	175	0	0	match
S100SC4F	83590	043000	2023-09-30	NotesSegmentInformationEtcSemiAnnualConsolidatedFinancialStatementsTextBlock	15	7	17	180	0	0	match
S100SC52	87140	043000	2023-09-30	NotesSegmentInformationEtcSemiAnnualConsolidatedFinancialStatementsTextBlock	15	7	17	160	0	0	match
S100SC65	73840	043000	2023-09-30	NotesSegmentInformationEtcSemiAnnualConsolidatedFinancialStatementsTextBlock	16	8	18	116	0	0	match
S100SC7E	83450	043000	2023-09-30	NotesSegmentInformationEtcSemiAnnualConsolidatedFinancialStatementsTextBlock	17	7	19	158	0	0	match
S100SC83	58320	043000	2023-09-30	NotesSegmentInformationEtcSemiAnnualConsolidatedFinancialStatementsTextBlock	18	8	20	60	0	0	match
S100SC88	83830	043000	2023-09-30	NotesSegmentInformationEtcSemiAnnualConsolidatedFinancialStatementsTextBlock	11	5	12	100	0	0	match
S100SCAF	85220	043000	2023-09-30	NotesSegmentInformationEtcSemiAnnualConsolidatedFinancialStatementsTextBlock	16	6	21	134	0	0	match
S100SCCF	85410	043000	2023-09-30	NotesSegmentInformationEtcSemiAnnualConsolidatedFinancialStatementsTextBlock	14	6	16	184	0	0	match
S100SCFO	83810	043000	2023-09-30	NotesSegmentInformationEtcSemiAnnualConsolidatedFinancialStatementsTextBlock	15	7	17	184	0	0	match
S100SCHC	83930	043000	2023-09-30	NotesSegmentInformationEtcSemiAnnualConsolidatedFinancialStatementsTextBlock	16	8	18	102	0	0	match
S100SCI4	71890	043000	2023-09-30	NotesSegmentInformationEtcSemiAnnualConsolidatedFinancialStatementsTextBlock	11	5	12	82	0	0	match
S100SCJ0	58310	043000	2023-09-30	NotesSegmentInformationEtcSemiAnnualConsolidatedFinancialStatementsTextBlock	15	7	17	100	0	0	match
S100SCK2	71730	043000	2023-09-30	NotesSegmentInformationEtcSemiAnnualConsolidatedFinancialStatementsTextBlock	16	8	24	210	0	0	match
S100SCND	83920	043000	2023-09-30	NotesSegmentInformationEtcSemiAnnualConsolidatedFinancialStatementsTextBlock	14	6	16	119	0	0	match
S100SCNN	83670	043000	2023-09-30	NotesSegmentInformationEtcSemiAnnualConsolidatedFinancialStatementsTextBlock	15	7	17	150	0	0	match
S100SCP2	61780	043000	2023-09-30	NotesSegmentInformationEtcSemiAnnualConsolidatedFinancialStatementsTextBlock	20	6	28	340	0	0	match
S100SCRY	71500	043000	2023-09-30	NotesSegmentInformationEtcSemiAnnualConsolidatedFinancialStatementsTextBlock	15	7	17	198	0	0	match
S100SCS4	87950	043000	2023-09-30	NotesSegmentInformationEtcSemiAnnualConsolidatedFinancialStatementsTextBlock	17	5	19	312	0	0	match
S100SCUE	83990	043000	2023-09-30	NotesSegmentInformationEtcSemiAnnualConsolidatedFinancialStatementsTextBlock	24	10	26	201	0	0	match
S100SCV4	73890	043000	2023-09-30	NotesSegmentInformationEtcSemiAnnualConsolidatedFinancialStatementsTextBlock	15	7	17	70	0	0	match
S100SCVA	73800	043000	2023-09-30	NotesSegmentInformationEtcSemiAnnualConsolidatedFinancialStatementsTextBlock	15	7	17	149	0	0	match
S100SCW2	85420	043000	2023-09-30	NotesSegmentInformationEtcSemiAnnualConsolidatedFinancialStatementsTextBlock	15	7	17	114	0	0	match
S100SCW7	71800	043000	2023-09-30	NotesSegmentInformationEtcSemiAnnualConsolidatedFinancialStatementsTextBlock	21	9	23	134	0	0	match
S100SCWK	83950	043000	2023-09-30	NotesSegmentInformationEtcSemiAnnualConsolidatedFinancialStatementsTextBlock	19	9	21	137	0	0	match
S100SCYN	73500	043000	2023-09-30	NotesSegmentInformationEtcSemiAnnualConsolidatedFinancialStatementsTextBlock	15	7	17	114	0	0	match
S100SD28	83360	043000	2023-09-30	NotesSegmentInformationEtcSemiAnnualConsolidatedFinancialStatementsTextBlock	18	8	26	145	0	0	match
S100SH2U	96270	043000	2023-10-31	NotesSegmentInformationEtcQuarterlyConsolidatedFinancialStatementsTextBlock	16	4	17	30	0	0	match
S100SH6K	94440	043000	2023-10-31	NotesSegmentInformationEtcQuarterlyConsolidatedFinancialStatementsTextBlock	19	4	21	39	0	0	match
S100SMB0	92780	043000	2023-11-30	NotesSegmentInformationEtcQuarterlyConsolidatedFinancialStatementsTextBlock	20	5	23	43	0	0	match
S100SS21	52540	043000	2023-12-31	NotesSegmentInformationEtcQuarterlyConsolidatedFinancialStatementsTextBlock	16	4	17	30	0	0	match
S100T6B7	75310	030000	2023-12-31	NotesSegmentInformationEtcConsolidatedFinancialStatementsTextBlock	15	3	15	20	0	0	match
S100TGDM	82760	030000	2024-02-20	NotesSegmentInformationEtcConsolidatedFinancialStatementsTextBlock	11	3	13	22	0	0	match
S100TLBV	83860	030000	2024-03-31	NotesSegmentInformationEtcConsolidatedFinancialStatementsTextBlock	15	7	17	205	0	0	match
S100TLFZ	58310	030000	2024-03-31	NotesSegmentInformationEtcConsolidatedFinancialStatementsTextBlock	15	7	17	20	0	0	match
S100TLR0	87950	030000	2024-03-31	NotesSegmentInformationEtcConsolidatedFinancialStatementsTextBlock	17	5	19	24	0	0	match
S100TMNK	71800	030000	2024-03-31	NotesSegmentInformationEtcConsolidatedFinancialStatementsTextBlock	21	9	23	22	0	0	match
S100TN8B	83680	030000	2024-03-31	NotesSegmentInformationEtcConsolidatedFinancialStatementsTextBlock	15	7	17	20	0	0	match
S100TN9I	73800	030000	2024-03-31	NotesSegmentInformationEtcConsolidatedFinancialStatementsTextBlock	15	7	17	22	0	0	match
S100TNEG	58320	030000	2024-03-31	NotesSegmentInformationEtcConsolidatedFinancialStatementsTextBlock	18	8	20	22	0	0	match
S100TNFM	87140	030000	2024-03-31	NotesSegmentInformationEtcConsolidatedFinancialStatementsTextBlock	15	7	17	20	0	0	match
S100TNLU	83640	030000	2024-03-31	NotesSegmentInformationEtcConsolidatedFinancialStatementsTextBlock	15	7	17	20	0	0	match
S100TO04	71840	030000	2024-03-31	NotesSegmentInformationEtcConsolidatedFinancialStatementsTextBlock	15	7	17	22	0	0	match
S100TO15	61780	030000	2024-03-31	NotesSegmentInformationEtcConsolidatedFinancialStatementsTextBlock	20	6	28	28	0	0	match
S100TO1E	71610	030000	2024-03-31	NotesSegmentInformationEtcConsolidatedFinancialStatementsTextBlock	16	8	18	20	0	0	match
S100TO5C	83340	030000	2024-03-31	NotesSegmentInformationEtcConsolidatedFinancialStatementsTextBlock	15	7	17	18	0	0	match
S100TOFV	73890	030000	2024-03-31	NotesSegmentInformationEtcConsolidatedFinancialStatementsTextBlock	15	7	17	20	0	0	match
S100TONB	85630	030000	2024-03-31	NotesSegmentInformationEtcConsolidatedFinancialStatementsTextBlock	15	7	17	20	0	0	match
S100TORS	83440	030000	2024-03-31	NotesSegmentInformationEtcConsolidatedFinancialStatementsTextBlock	18	8	20	22	0	0	match
S100TOTX	83920	030000	2024-03-31	NotesSegmentInformationEtcConsolidatedFinancialStatementsTextBlock	14	6	16	20	0	0	match
S100TOWB	83810	030000	2024-03-31	NotesSegmentInformationEtcConsolidatedFinancialStatementsTextBlock	15	7	17	20	0	0	match
S100TP2X	83430	030000	2024-03-31	NotesSegmentInformationEtcConsolidatedFinancialStatementsTextBlock	16	8	19	20	0	0	match
S100TPCH	73220	030000	2024-03-31	NotesSegmentInformationEtcConsolidatedFinancialStatementsTextBlock	15	7	17	22	0	0	match
S100TPHV	83590	030000	2024-03-31	NotesSegmentInformationEtcConsolidatedFinancialStatementsTextBlock	15	7	17	18	0	0	match
S100TQ1S	71730	030000	2024-03-31	NotesSegmentInformationEtcConsolidatedFinancialStatementsTextBlock	16	8	24	20	0	0	match
S100TQQ4	83370	030000	2024-03-31	NotesSegmentInformationEtcConsolidatedFinancialStatementsTextBlock	18	8	20	22	0	0	match
S100TR2A	83990	030000	2024-03-31	NotesSegmentInformationEtcConsolidatedFinancialStatementsTextBlock	20	6	22	28	0	0	match
S100TRES	83580	030000	2024-03-31	NotesSegmentInformationEtcConsolidatedFinancialStatementsTextBlock	13	5	14	18	0	0	match
S100TRKG	73270	030000	2024-03-31	NotesSegmentInformationEtcConsolidatedFinancialStatementsTextBlock	18	8	20	22	0	0	match
S100TRMF	73840	030000	2024-03-31	NotesSegmentInformationEtcConsolidatedFinancialStatementsTextBlock	16	8	18	24	0	0	match
S100TS22	56030	030000	2024-03-31	NotesSegmentInformationEtcConsolidatedFinancialStatementsTextBlock	20	5	23	34	0	0	match
S100TSC7	62920	030000	2024-03-31	NotesSegmentInformationEtcConsolidatedFinancialStatementsTextBlock	26	11	27	33	0	0	match
S100TSEZ	83930	030000	2024-03-31	NotesSegmentInformationEtcConsolidatedFinancialStatementsTextBlock	16	8	18	19	0	0	match
S100TSGY	83490	030000	2024-03-31	NotesSegmentInformationEtcConsolidatedFinancialStatementsTextBlock	15	7	18	20	0	0	match
S100TSOF	83360	030000	2024-03-31	NotesSegmentInformationEtcConsolidatedFinancialStatementsTextBlock	18	8	26	20	0	0	match
S100TSX1	83450	030000	2024-03-31	NotesSegmentInformationEtcConsolidatedFinancialStatementsTextBlock	17	7	19	22	0	0	match
S100TT2K	85240	030000	2024-03-31	NotesSegmentInformationEtcConsolidatedFinancialStatementsTextBlock	15	7	17	20	0	0	match
S100TT79	85500	030000	2024-03-31	NotesSegmentInformationEtcConsolidatedFinancialStatementsTextBlock	15	7	17	20	0	0	match
S100TT9I	83700	030000	2024-03-31	NotesSegmentInformationEtcConsolidatedFinancialStatementsTextBlock	7	3	9	139	0	0	match
S100TTHC	83950	030000	2024-03-31	NotesSegmentInformationEtcConsolidatedFinancialStatementsTextBlock	19	9	21	22	0	0	match
S100TTIG	73370	030000	2024-03-31	NotesSegmentInformationEtcConsolidatedFinancialStatementsTextBlock	16	8	18	20	0	0	match
S100TU1D	83460	030000	2024-03-31	NotesSegmentInformationEtcConsolidatedFinancialStatementsTextBlock	21	9	22	20	0	0	match
S100TU61	85410	030000	2024-03-31	NotesSegmentInformationEtcConsolidatedFinancialStatementsTextBlock	14	6	16	20	0	0	match
S100TV36	71500	030000	2024-03-31	NotesSegmentInformationEtcConsolidatedFinancialStatementsTextBlock	15	7	17	18	0	0	match
S100TVOL	73500	030000	2024-03-31	NotesSegmentInformationEtcConsolidatedFinancialStatementsTextBlock	15	7	17	18	0	0	match
S100TW9C	85420	030000	2024-03-31	NotesSegmentInformationEtcConsolidatedFinancialStatementsTextBlock	15	7	17	130	0	0	match
S100TWH9	58300	030000	2024-03-31	NotesSegmentInformationEtcConsolidatedFinancialStatementsTextBlock	15	7	17	220	0	0	match
S100TWYE	71890	030000	2024-03-31	NotesSegmentInformationEtcConsolidatedFinancialStatementsTextBlock	11	5	12	89	0	0	match
S100TX2X	83650	030000	2024-03-31	NotesSegmentInformationEtcConsolidatedFinancialStatementsTextBlock	16	8	18	131	0	0	match
S100TXF7	83670	030000	2024-03-31	NotesSegmentInformationEtcConsolidatedFinancialStatementsTextBlock	15	7	17	167	0	0	match
S100TXN2	99060	030000	2024-03-31	NotesSegmentInformationEtcConsolidatedFinancialStatementsTextBlock	19	4	21	138	0	0	match
S100U52A	67230	043A00	2024-06-30	InformationAboutGeographicalAreasIFRSTextBlock | NotesSegmentInformationCondensedQuarterlyConsolidatedFinancialStatementsIFRSTextBlock	11	3	12	71	0	0	match
S100U5TM	64400	043A00	2024-06-30	NotesSegmentInformationEtcQuarterlyConsolidatedFinancialStatementsTextBlock	16	4	19	38	0	0	match
S100U6AK	23110	043A00	2024-06-30	NotesSegmentInformationEtcQuarterlyConsolidatedFinancialStatementsTextBlock	16	4	17	30	0	0	match
S100U6CF	55630	043A00	2024-06-30	NotesSegmentInformationEtcQuarterlyConsolidatedFinancialStatementsTextBlock	28	7	31	53	0	0	match
S100U6GE	81790	043A00	2024-06-30	NotesSegmentInformationEtcQuarterlyConsolidatedFinancialStatementsTextBlock	18	6	21	54	0	0	match
S100U6WF	75310	043A00	2024-06-30	NotesSegmentInformationEtcQuarterlyConsolidatedFinancialStatementsTextBlock	16	4	17	30	0	0	match
S100U6Y4	19110	043A00	2024-06-30	NotesSegmentInformationEtcQuarterlyConsolidatedFinancialStatementsTextBlock	24	6	27	48	0	0	match
S100U7C1	36830	043A00	2024-06-30	NotesSegmentInformationEtcQuarterlyConsolidatedFinancialStatementsTextBlock	20	5	21	35	0	0	match
S100U7J0	29860	043A00	2024-06-30	NotesSegmentInformationEtcQuarterlyConsolidatedFinancialStatementsTextBlock	19	4	21	39	0	0	match
S100UH0G	82760	043A00	2024-08-20	NotesSegmentInformationEtcQuarterlyConsolidatedFinancialStatementsTextBlock	12	4	15	42	0	0	match
S100UH3Z	93060	043A00	2024-09-30	NotesSegmentInformationEtcQuarterlyConsolidatedFinancialStatementsTextBlock	8	2	9	24	0	0	match
S100UI7Y	81940	043A00	2024-08-31	NotesSegmentInformationEtcQuarterlyConsolidatedFinancialStatementsTextBlock	9	3	11	28	0	0	match
S100UIHW	32930	043A00	2024-09-30	NotesSegmentInformationEtcQuarterlyConsolidatedFinancialStatementsTextBlock	23	5	25	42	0	0	match
S100UIRQ	26850	043A00	2024-08-31	NotesSegmentInformationEtcQuarterlyConsolidatedFinancialStatementsTextBlock	12	3	13	25	0	0	match
S100UITS	82470	043A00	2024-08-31	NotesSegmentInformationEtcQuarterlyConsolidatedFinancialStatementsTextBlock	24	6	27	48	0	0	match
S100UKOU	83610	043A00	2024-09-30	NotesSegmentInformationEtcSemiAnnualConsolidatedFinancialStatementsTextBlock	19	9	22	144	0	0	match
S100UL75	30040	043A00	2024-09-30	NotesSegmentInformationEtcQuarterlyConsolidatedFinancialStatementsTextBlock	19	4	19	29	0	0	match
S100ULIL	54100	043A00	2024-09-30	NotesSegmentInformationEtcQuarterlyConsolidatedFinancialStatementsTextBlock	12	4	14	18	0	0	match
S100ULXZ	99500	043A00	2024-09-20	NotesSegmentInformationEtcQuarterlyConsolidatedFinancialStatementsTextBlock	12	4	14	34	0	0	match
S100ULYD	95130	043A00	2024-09-30	NotesSegmentInformationEtcQuarterlyConsolidatedFinancialStatementsTextBlock	18	6	20	46	0	0	match
S100ULYM	59330	043A00	2024-09-20	NotesSegmentInformationEtcQuarterlyConsolidatedFinancialStatementsTextBlock	20	5	21	35	0	0	match
S100ULZN	99910	043A00	2024-09-30	NotesSegmentInformationEtcQuarterlyConsolidatedFinancialStatementsTextBlock	12	3	13	25	0	0	match
S100UM32	30360	043A00	2024-09-30	NotesSegmentInformationEtcQuarterlyConsolidatedFinancialStatementsTextBlock	19	4	19	29	0	0	match
S100UM4N	81500	043A00	2024-09-30	NotesSegmentInformationEtcQuarterlyConsolidatedFinancialStatementsTextBlock	10	4	10	11	0	0	match
S100UM9N	80050	043A00	2024-09-30	NotesSegmentInformationEtcQuarterlyConsolidatedFinancialStatementsTextBlock	20	5	21	35	0	0	match
S100UMCV	80810	043A00	2024-09-30	NotesSegmentInformationEtcQuarterlyConsolidatedFinancialStatementsTextBlock	19	4	19	31	0	0	match
S100UMDV	98780	043A00	2024-09-20	NotesSegmentInformationEtcQuarterlyConsolidatedFinancialStatementsTextBlock	20	5	21	35	0	0	match
S100UME5	34220	043A00	2024-09-30	NotesSegmentInformationEtcQuarterlyConsolidatedFinancialStatementsTextBlock	19	4	19	30	0	0	match
S100UMIC	75080	043A00	2024-09-30	NotesSegmentInformationEtcQuarterlyConsolidatedFinancialStatementsTextBlock	20	5	23	43	0	0	match
S100UMRN	79710	043A00	2024-09-30	NotesSegmentInformationEtcQuarterlyConsolidatedFinancialStatementsTextBlock	12	3	13	25	0	0	match
S100UN1F	27600	043A00	2024-09-30	NotesSegmentInformationEtcQuarterlyConsolidatedFinancialStatementsTextBlock	12	3	13	25	0	0	match
S100UN5J	80780	043A00	2024-09-30	NotesSegmentInformationEtcQuarterlyConsolidatedFinancialStatementsTextBlock	30	6	31	60	0	0	match
S100UN9I	83860	043A00	2024-09-30	NotesSegmentInformationEtcSemiAnnualConsolidatedFinancialStatementsTextBlock	15	7	17	196	0	0	match
S100UNCR	95070	043A00	2024-09-30	NotesSegmentInformationEtcQuarterlyConsolidatedFinancialStatementsTextBlock	28	7	31	53	0	0	match
S100UNEQ	64670	043A00	2024-09-30	NotesSegmentInformationEtcQuarterlyConsolidatedFinancialStatementsTextBlock	16	4	17	30	0	0	match
S100UNFK	95050	043A00	2024-09-30	NotesSegmentInformationEtcQuarterlyConsolidatedFinancialStatementsTextBlock	16	4	17	30	0	0	match
S100UNH9	46800	043A00	2024-09-30	NotesSegmentInformationEtcQuarterlyConsolidatedFinancialStatementsTextBlock	15	3	15	22	0	0	match
S100UNI3	15140	043A00	2024-09-30	NotesSegmentInformationEtcQuarterlyConsolidatedFinancialStatementsTextBlock	15	3	15	24	0	0	match
S100UNL3	91070	043A00	2024-09-30	NotesSegmentInformationEtcQuarterlyConsolidatedFinancialStatementsTextBlock	20	5	21	35	0	0	match
S100UNSS	91010	043A00	2024-09-30	NotesSegmentInformationEtcQuarterlyConsolidatedFinancialStatementsTextBlock	32	8	33	50	0	0	match
S100UNU3	95030	043A00	2024-09-30	NotesSegmentInformationEtcQuarterlyConsolidatedFinancialStatementsTextBlock	20	5	21	35	0	0	match
S100UNU9	57110	043A00	2024-09-30	NotesSegmentInformationEtcQuarterlyConsolidatedFinancialStatementsTextBlock	24	6	25	40	0	0	match
S100UNV7	88770	043A00	2024-09-30	NotesSegmentInformationEtcQuarterlyConsolidatedFinancialStatementsTextBlock	12	3	13	25	0	0	match
S100UO05	87070	043A00	2024-09-30	NotesSegmentInformationEtcQuarterlyConsolidatedFinancialStatementsTextBlock	11	7	8	72	0	0	match
S100UO5W	96280	043A00	2024-09-30	FootnotesRegardingSegmentInformationTableTextBlock | NotesSegmentInformationEtcQuarterlyConsolidatedFinancialStatementsTextBlock	20	5	21	51	0	0	match
S100UO8W	34670	043A00	2024-09-30	NotesSegmentInformationEtcQuarterlyConsolidatedFinancialStatementsTextBlock	16	4	17	9	0	0	match
S100UOB0	95060	043A00	2024-09-30	NotesSegmentInformationEtcQuarterlyConsolidatedFinancialStatementsTextBlock	20	5	23	43	0	0	match
S100UOFU	33710	043A00	2024-09-30	NotesSegmentInformationEtcQuarterlyConsolidatedFinancialStatementsTextBlock	12	3	13	25	0	0	match
S100UOHE	89340	043A00	2024-09-30	NotesSegmentInformationEtcQuarterlyConsolidatedFinancialStatementsTextBlock	19	4	21	37	0	0	match
S100UOIX	90670	043A00	2024-09-30	NotesSegmentInformationEtcQuarterlyConsolidatedFinancialStatementsTextBlock	18	6	20	47	0	0	match
S100UOIY	62920	043A00	2024-09-30	FootnotesRegardingSegmentInformationTableTextBlock | NotesSegmentInformationEtcQuarterlyConsolidatedFinancialStatementsTextBlock	20	5	21	39	0	0	match
S100UOLG	66250	043A00	2024-09-30	NotesSegmentInformationEtcQuarterlyConsolidatedFinancialStatementsTextBlock	18	5	20	45	0	0	match
S100UOM1	85510	043A00	2024-09-30	NotesSegmentInformationEtcSemiAnnualConsolidatedFinancialStatementsTextBlock	16	8	17	102	0	0	match
S100UOS5	19610	043A00	2024-09-30	NotesSegmentInformationEtcQuarterlyConsolidatedFinancialStatementsTextBlock	24	6	27	48	0	0	match
S100UOT7	20600	043A00	2024-09-30	NotesSegmentInformationEtcQuarterlyConsolidatedFinancialStatementsTextBlock	20	5	23	43	0	0	match
S100UOVO	49780	043A00	2024-09-30	NotesSegmentInformationEtcQuarterlyConsolidatedFinancialStatementsTextBlock	12	3	13	17	0	0	match
S100UP0O	95080	043A00	2024-09-30	NotesSegmentInformationEtcQuarterlyConsolidatedFinancialStatementsTextBlock	24	8	27	66	0	0	match
S100UP3Y	78400	043A00	2024-09-30	FootnotesRegardingSegmentInformationTableTextBlock | NotesSegmentInformationEtcQuarterlyConsolidatedFinancialStatementsTextBlock	16	4	19	40	0	0	match
S100UP5V	56030	043A00	2024-09-30	NotesSegmentInformationEtcQuarterlyConsolidatedFinancialStatementsTextBlock	20	5	23	43	0	0	match
S100UP6W	65900	043A00	2024-09-30	NotesSegmentInformationEtcQuarterlyConsolidatedFinancialStatementsTextBlock	19	4	19	29	0	0	match
S100UP76	95090	043A00	2024-09-30	NotesSegmentInformationEtcQuarterlyConsolidatedFinancialStatementsTextBlock	16	4	19	38	0	0	match
S100UPAV	81230	043A00	2024-09-30	NotesSegmentInformationEtcQuarterlyConsolidatedFinancialStatementsTextBlock	12	3	13	17	0	0	match
S100UPCQ	34330	043A00	2024-09-30	NotesSegmentInformationEtcQuarterlyConsolidatedFinancialStatementsTextBlock	20	5	23	43	0	0	match
S100UPE3	90390	043A00	2024-09-30	NotesSegmentInformationEtcQuarterlyConsolidatedFinancialStatementsTextBlock	24	6	27	48	0	0	match
S100UPHC	57140	043A00	2024-09-30	NotesSegmentInformationEtcQuarterlyConsolidatedFinancialStatementsTextBlock	28	7	31	53	0	0	match
S100UPI5	69820	043A00	2024-09-30	NotesSegmentInformationEtcQuarterlyFinancialStatementsTextBlock	10	3	10	11	0	0	match
S100UPL7	41820	043A00	2024-09-30	NotesSegmentInformationEtcQuarterlyConsolidatedFinancialStatementsTextBlock	13	4	14	24	0	0	match
S100UPN7	77020	043A00	2024-09-30	NotesSegmentInformationEtcQuarterlyConsolidatedFinancialStatementsTextBlock	27	6	29	47	0	0	match
S100UPPB	57070	043A00	2024-09-30	NotesSegmentInformationEtcQuarterlyConsolidatedFinancialStatementsTextBlock	24	6	27	48	0	0	match
S100UPSE	85500	043A00	2024-09-30	NotesSegmentInformationEtcSemiAnnualConsolidatedFinancialStatementsTextBlock	15	7	17	119	0	0	match
S100UPST	58300	043A00	2024-09-30	NotesSegmentInformationEtcSemiAnnualConsolidatedFinancialStatementsTextBlock	15	7	17	202	0	0	match
S100UPWF	80970	043A00	2024-09-30	NotesSegmentInformationEtcQuarterlyConsolidatedFinancialStatementsTextBlock	24	6	25	40	0	0	match
S100UPX1	95020	043A00	2024-09-30	NotesSegmentInformationEtcQuarterlyConsolidatedFinancialStatementsTextBlock	14	5	16	49	0	0	match
S100UQ2G	54080	043A00	2024-09-30	NotesSegmentInformationEtcQuarterlyConsolidatedFinancialStatementsTextBlock	16	4	17	32	0	0	match
S100UQ3O	85110	043A00	2024-09-30	NotesSegmentInformationEtcQuarterlyConsolidatedFinancialStatementsTextBlock	11	3	12	28	0	0	match
S100UQ42	86010	043A00	2024-09-30	NotesSegmentInformationEtcQuarterlyConsolidatedFinancialStatementsTextBlock	14	4	16	42	0	0	match
S100UQ5F	84100	043A00	2024-09-30	NotesSegmentInformationEtcSemiAnnualConsolidatedFinancialStatementsTextBlock	13	5	14	152	0	0	match
S100UQ8M	91040	043A00	2024-09-30	NotesSegmentInformationEtcQuarterlyConsolidatedFinancialStatementsTextBlock	38	11	39	64	0	0	match
S100UQD3	57060	043A00	2024-09-30	NotesSegmentInformationEtcQuarterlyConsolidatedFinancialStatementsTextBlock	20	5	21	35	0	0	match
S100UQMR	95010	043A00	2024-09-30	NotesSegmentInformationEtcQuarterlyConsolidatedFinancialStatementsTextBlock	24	6	25	40	0	0	match
S100UQP6	22960	043A00	2024-09-30	NotesSegmentInformationEtcQuarterlyConsolidatedFinancialStatementsTextBlock	16	4	19	38	0	0	match
S100UQQ1	87150	043A00	2024-09-30	NotesSegmentInformationEtcQuarterlyConsolidatedFinancialStatementsTextBlock	11	3	13	44	0	0	match
S100UQQE	54580	043A00	2024-09-30	NotesSegmentInformationEtcQuarterlyConsolidatedFinancialStatementsTextBlock	12	3	13	25	0	0	match
S100UQWW	33920	043A00	2024-09-30	NotesSegmentInformationEtcQuarterlyConsolidatedFinancialStatementsTextBlock	19	5	20	36	0	0	match
S100UQXK	99060	043A00	2024-09-30	NotesSegmentInformationEtcQuarterlyConsolidatedFinancialStatementsTextBlock	19	4	21	37	0	0	match
S100UR7K	83640	043A00	2024-09-30	NotesSegmentInformationEtcSemiAnnualConsolidatedFinancialStatementsTextBlock	15	7	17	120	0	0	match
S100UR9O	52610	043A00	2024-09-30	NotesSegmentInformationEtcQuarterlyConsolidatedFinancialStatementsTextBlock	28	7	35	46	0	0	match
S100URA8	80750	043A00	2024-09-30	NotesSegmentInformationEtcQuarterlyConsolidatedFinancialStatementsTextBlock	35	8	35	55	0	0	match
S100URG7	71620	043A00	2024-09-30	NotesSegmentInformationEtcQuarterlyConsolidatedFinancialStatementsTextBlock	17	5	18	48	0	0	match
S100URHU	74190	043A00	2024-09-30	NotesSegmentInformationEtcQuarterlyConsolidatedFinancialStatementsTextBlock	28	7	31	53	0	0	match
S100URI8	89990	043A00	2024-09-30	NotesSegmentInformationEtcQuarterlyConsolidatedFinancialStatementsTextBlock	16	4	17	30	0	0	match
S100URPP	74600	043A00	2024-09-30	NotesSegmentInformationEtcQuarterlyConsolidatedFinancialStatementsTextBlock	24	6	25	40	0	0	match
S100URRI	85240	043A00	2024-09-30	NotesSegmentInformationEtcSemiAnnualConsolidatedFinancialStatementsTextBlock	16	8	19	148	0	0	match
S100URWI	19810	043A00	2024-09-30	NotesSegmentInformationEtcQuarterlyFinancialStatementsTextBlock	20	5	21	35	0	0	match
S100URYC	34200	043A00	2024-09-30	NotesSegmentInformationEtcQuarterlyConsolidatedFinancialStatementsTextBlock	16	4	17	30	0	0	match
S100US0V	87500	043A00	2024-09-30	NotesSegmentInformationEtcSemiAnnualConsolidatedFinancialStatementsTextBlock	13	5	14	197	0	0	match
S100US5Z	60920	043A00	2024-09-30	NotesSegmentInformationEtcQuarterlyConsolidatedFinancialStatementsTextBlock	16	4	17	30	0	0	match
S100US7F	76370	043A00	2024-09-30	NotesSegmentInformationEtcQuarterlyConsolidatedFinancialStatementsTextBlock	19	4	21	37	0	0	match
S100USAU	42280	043A00	2024-09-30	FootnotesRegardingSegmentInformationTableTextBlock | NotesSegmentInformationEtcQuarterlyConsolidatedFinancialStatementsTextBlock	12	3	13	29	0	0	match
S100USFW	71610	043A00	2024-09-30	NotesSegmentInformationEtcSemiAnnualConsolidatedFinancialStatementsTextBlock	16	8	18	148	0	0	match
S100USJY	73270	043A00	2024-09-30	NotesSegmentInformationEtcSemiAnnualConsolidatedFinancialStatementsTextBlock	18	8	20	132	0	0	match
S100USJZ	85620	043A00	2024-09-30	NotesSegmentInformationEtcSemiAnnualConsolidatedFinancialStatementsTextBlock	15	7	16	95	0	0	match
S100USNG	73810	043A00	2024-09-30	NotesSegmentInformationEtcSemiAnnualConsolidatedFinancialStatementsTextBlock	12	6	13	94	0	0	match
S100USVI	83680	043A00	2024-09-30	NotesSegmentInformationEtcSemiAnnualConsolidatedFinancialStatementsTextBlock	15	7	17	184	0	0	match
S100USXM	83460	043A00	2024-09-30	NotesSegmentInformationEtcSemiAnnualConsolidatedFinancialStatementsTextBlock	21	9	22	156	0	0	match
S100UT19	83430	043A00	2024-09-30	NotesSegmentInformationEtcSemiAnnualConsolidatedFinancialStatementsTextBlock	16	8	19	196	0	0	match
S100UT4H	83700	043A00	2024-09-30	NotesSegmentInformationEtcSemiAnnualConsolidatedFinancialStatementsTextBlock	9	3	9	131	0	0	match
S100UT9X	83370	043A00	2024-09-30	NotesSegmentInformationEtcSemiAnnualConsolidatedFinancialStatementsTextBlock	18	8	20	202	0	0	match
S100UTBW	71840	043A00	2024-09-30	NotesSegmentInformationEtcSemiAnnualConsolidatedFinancialStatementsTextBlock	15	7	17	164	0	0	match
S100UTBY	83810	043A00	2024-09-30	NotesSegmentInformationEtcSemiAnnualConsolidatedFinancialStatementsTextBlock	15	7	17	190	0	0	match
S100UTCL	58310	043A00	2024-09-30	NotesSegmentInformationEtcSemiAnnualConsolidatedFinancialStatementsTextBlock	15	7	17	208	0	0	match
S100UTFF	83650	043A00	2024-09-30	NotesSegmentInformationEtcSemiAnnualConsolidatedFinancialStatementsTextBlock	16	8	18	114	0	0	match
S100UTGC	83590	043A00	2024-09-30	NotesSegmentInformationEtcSemiAnnualConsolidatedFinancialStatementsTextBlock	15	7	17	180	0	0	match
S100UTI8	83580	043A00	2024-09-30	NotesSegmentInformationEtcSemiAnnualConsolidatedFinancialStatementsTextBlock	10	4	11	76	0	0	match
S100UTID	87660	043A00	2024-09-30	NotesSegmentInformationEtcSemiAnnualConsolidatedFinancialStatementsTextBlock	18	8	20	198	0	0	match
S100UTIN	73840	043A00	2024-09-30	NotesSegmentInformationEtcSemiAnnualConsolidatedFinancialStatementsTextBlock	16	8	18	116	0	0	match
S100UTJV	73800	043A00	2024-09-30	NotesSegmentInformationEtcSemiAnnualConsolidatedFinancialStatementsTextBlock	15	7	17	149	0	0	match
S100UTKZ	83450	043A00	2024-09-30	NotesSegmentInformationEtcSemiAnnualConsolidatedFinancialStatementsTextBlock	17	7	19	158	0	0	match
S100UTLQ	73220	043A00	2024-09-30	NotesSegmentInformationEtcSemiAnnualConsolidatedFinancialStatementsTextBlock	15	7	17	146	0	0	match
S100UTLU	85630	043A00	2024-09-30	NotesSegmentInformationEtcSemiAnnualConsolidatedFinancialStatementsTextBlock	16	8	19	162	0	0	match
S100UTNM	87140	043A00	2024-09-30	NotesSegmentInformationEtcSemiAnnualConsolidatedFinancialStatementsTextBlock	15	7	17	160	0	0	match
S100UTNX	73370	043A00	2024-09-30	NotesSegmentInformationEtcSemiAnnualConsolidatedFinancialStatementsTextBlock	16	8	18	120	0	0	match
S100UTOE	58320	043A00	2024-09-30	NotesSegmentInformationEtcSemiAnnualConsolidatedFinancialStatementsTextBlock	18	8	20	130	0	0	match
S100UTOX	83490	043A00	2024-09-30	NotesSegmentInformationEtcSemiAnnualConsolidatedFinancialStatementsTextBlock	15	7	18	186	0	0	match
S100UTQ1	71890	043A00	2024-09-30	NotesSegmentInformationEtcSemiAnnualConsolidatedFinancialStatementsTextBlock	11	5	12	82	0	0	match
S100UTRZ	87950	043A00	2024-09-30	NotesSegmentInformationEtcSemiAnnualConsolidatedFinancialStatementsTextBlock	17	5	19	312	0	0	match
S100UTSS	71730	043A00	2024-09-30	NotesSegmentInformationEtcSemiAnnualConsolidatedFinancialStatementsTextBlock	16	8	24	185	0	0	match
S100UTSX	84160	043A00	2024-09-30	NotesSegmentInformationEtcSemiAnnualConsolidatedFinancialStatementsTextBlock	16	8	18	154	0	0	match
S100UTUY	83340	043A00	2024-09-30	NotesSegmentInformationEtcSemiAnnualConsolidatedFinancialStatementsTextBlock	15	7	17	210	0	0	match
S100UTX9	83920	043A00	2024-09-30	NotesSegmentInformationEtcSemiAnnualConsolidatedFinancialStatementsTextBlock	14	6	16	114	0	0	match
S100UTZB	85410	043A00	2024-09-30	NotesSegmentInformationEtcSemiAnnualConsolidatedFinancialStatementsTextBlock	14	6	16	184	0	0	match
S100UU3J	83440	043A00	2024-09-30	NotesSegmentInformationEtcSemiAnnualConsolidatedFinancialStatementsTextBlock	18	8	20	132	0	0	match
S100UU57	83930	043A00	2024-09-30	NotesSegmentInformationEtcSemiAnnualConsolidatedFinancialStatementsTextBlock	16	8	18	102	0	0	match
S100UU5J	71800	043A00	2024-09-30	NotesSegmentInformationEtcSemiAnnualConsolidatedFinancialStatementsTextBlock	21	9	23	134	0	0	match
S100UU6M	83950	043A00	2024-09-30	NotesSegmentInformationEtcSemiAnnualConsolidatedFinancialStatementsTextBlock	19	9	21	132	0	0	match
S100UUBC	83990	043A00	2024-09-30	NotesSegmentInformationEtcSemiAnnualConsolidatedFinancialStatementsTextBlock	24	10	26	216	0	0	match
S100UUCL	71500	043A00	2024-09-30	NotesSegmentInformationEtcSemiAnnualConsolidatedFinancialStatementsTextBlock	15	7	17	210	0	0	match
S100UUCP	73890	043A00	2024-09-30	NotesSegmentInformationEtcSemiAnnualConsolidatedFinancialStatementsTextBlock	15	7	17	157	0	0	match
S100UUEI	61780	043A00	2024-09-30	NotesSegmentInformationEtcSemiAnnualConsolidatedFinancialStatementsTextBlock	23	7	31	400	0	0	match
S100UUHF	85420	043A00	2024-09-30	NotesSegmentInformationEtcSemiAnnualConsolidatedFinancialStatementsTextBlock	15	7	17	114	0	0	match
S100UUK2	83670	043A00	2024-09-30	NotesSegmentInformationEtcSemiAnnualConsolidatedFinancialStatementsTextBlock	15	7	17	150	0	0	match
S100UUN9	73500	043A00	2024-09-30	NotesSegmentInformationEtcSemiAnnualConsolidatedFinancialStatementsTextBlock	15	7	17	114	0	0	match
S100UUQ9	85220	043A00	2024-09-30	NotesSegmentInformationEtcSemiAnnualConsolidatedFinancialStatementsTextBlock	16	6	22	134	0	0	match
S100UUVL	83360	043A00	2024-09-30	NotesSegmentInformationEtcSemiAnnualConsolidatedFinancialStatementsTextBlock	18	8	26	145	0	0	match
S100UY0P	96270	043A00	2024-10-31	NotesSegmentInformationEtcQuarterlyConsolidatedFinancialStatementsTextBlock	16	4	17	30	0	0	match
S100V2GO	92780	043A00	2024-11-30	NotesSegmentInformationEtcQuarterlyConsolidatedFinancialStatementsTextBlock	20	5	23	43	0	0	match
S100V8B8	52540	043A00	2024-12-31	NotesSegmentInformationEtcQuarterlyConsolidatedFinancialStatementsTextBlock	16	4	17	30	0	0	match
S100V8ZQ	94440	043A00	2024-10-31	NotesSegmentInformationEtcQuarterlyConsolidatedFinancialStatementsTextBlock	19	4	21	39	0	0	match
S100VHT4	75310	030000	2024-12-31	NotesSegmentInformationEtcConsolidatedFinancialStatementsTextBlock	15	3	15	20	0	0	match
S100VLY5	30480	043A00	2025-02-28	NotesSegmentInformationEtcQuarterlyConsolidatedFinancialStatementsTextBlock	15	3	17	38	0	0	match
S100VM1M	70650	043A00	2025-02-28	NotesSegmentInformationEtcQuarterlyConsolidatedFinancialStatementsTextBlock	12	3	13	25	0	0	match
S100VM64	50260	043A00	2025-02-28	NotesSegmentInformationEtcQuarterlyConsolidatedFinancialStatementsTextBlock	12	3	13	25	0	0	match
S100VOCH	36360	043A00	2025-03-31	NotesSegmentInformationEtcQuarterlyConsolidatedFinancialStatementsTextBlock	12	3	13	25	0	0	match
S100VQ6W	78060	043A00	2025-03-31	NotesSegmentInformationEtcQuarterlyConsolidatedFinancialStatementsTextBlock	28	7	29	45	0	0	match
S100VRHO	57240	043A00	2025-03-31	NotesSegmentInformationEtcQuarterlyConsolidatedFinancialStatementsTextBlock	20	5	23	35	0	0	match
S100VRO8	82760	030000	2025-02-20	NotesSegmentInformationEtcConsolidatedFinancialStatementsTextBlock	11	3	13	148	0	0	match
S100VS1P	81940	030000	2025-02-28	NotesSegmentInformationEtcConsolidatedFinancialStatementsTextBlock	8	2	9	80	0	0	match
S100VUAR	26850	030000	2025-02-28	NotesSegmentInformationEtcConsolidatedFinancialStatementsTextBlock	11	2	11	79	0	0	match
S100VULR	80050	030000	2025-03-31	NotesSegmentInformationEtcConsolidatedFinancialStatementsTextBlock	20	5	21	144	0	0	match
S100VVE5	85510	030000	2025-03-31	NotesSegmentInformationEtcConsolidatedFinancialStatementsTextBlock	16	8	17	109	0	0	match
S100VW4E	58310	030000	2025-03-31	NotesSegmentInformationEtcConsolidatedFinancialStatementsTextBlock	15	7	17	226	0	0	match
S100VWTF	73800	030000	2025-03-31	FootnotesRegardingSegmentInformationTableTextBlock | NotesSegmentInformationEtcConsolidatedFinancialStatementsTextBlock	15	7	21	164	0	0	match
S100VX5L	73810	030000	2025-03-31	NotesSegmentInformationEtcConsolidatedFinancialStatementsTextBlock	12	6	13	99	0	0	match
S100VXAD	30040	030000	2025-03-31	NotesSegmentInformationEtcConsolidatedFinancialStatementsTextBlock	19	4	20	111	0	0	match
S100VXEA	99500	030000	2025-03-20	NotesSegmentInformationEtcConsolidatedFinancialStatementsTextBlock	11	3	12	99	0	0	match
S100VXGU	87950	030000	2025-03-31	NotesSegmentInformationEtcConsolidatedFinancialStatementsTextBlock	17	5	19	331	0	0	match
S100VXIB	83340	030000	2025-03-31	NotesSegmentInformationEtcConsolidatedFinancialStatementsTextBlock	15	7	17	217	0	0	match
S100VXML	83590	030000	2025-03-31	NotesSegmentInformationEtcConsolidatedFinancialStatementsTextBlock	15	7	17	200	0	0	match
S100VXMV	23730	043A00	2025-04-30	NotesSegmentInformationEtcQuarterlyConsolidatedFinancialStatementsTextBlock	16	4	19	38	0	0	match
S100VXRC	79710	030000	2025-03-31	NotesSegmentInformationEtcConsolidatedFinancialStatementsTextBlock	13	4	13	88	0	0	match
S100VXY5	87140	030000	2025-03-31	NotesSegmentInformationEtcConsolidatedFinancialStatementsTextBlock	15	7	17	168	0	0	match
S100VXZA	65900	030000	2025-03-31	NotesSegmentInformationEtcConsolidatedFinancialStatementsTextBlock	19	4	19	97	0	0	match
S100VY5C	84100	030000	2025-03-31	NotesSegmentInformationEtcConsolidatedFinancialStatementsTextBlock	13	5	14	161	0	0	match
S100VY6F	54100	030000	2025-03-31	NotesSegmentInformationEtcConsolidatedFinancialStatementsTextBlock	15	3	15	138	0	0	match
S100VYD2	83680	030000	2025-03-31	NotesSegmentInformationEtcConsolidatedFinancialStatementsTextBlock	15	7	17	205	0	0	match
S100VYH5	30360	030000	2025-03-31	NotesSegmentInformationEtcConsolidatedFinancialStatementsTextBlock	19	4	20	135	0	0	match
S100VYJ3	20600	030000	2025-03-31	NotesSegmentInformationEtcConsolidatedFinancialStatementsTextBlock	19	4	21	186	0	0	match
S100VYLW	59330	030000	2025-03-20	NotesSegmentInformationEtcConsolidatedFinancialStatementsTextBlock	19	4	20	126	0	0	match
S100VYMF	83920	030000	2025-03-31	NotesSegmentInformationEtcConsolidatedFinancialStatementsTextBlock	14	6	16	130	0	0	match
S100VYO4	81500	030000	2025-03-31	NotesSegmentInformationEtcConsolidatedFinancialStatementsTextBlock	12	3	13	92	0	0	match
S100VYPZ	85630	030000	2025-03-31	NotesSegmentInformationEtcConsolidatedFinancialStatementsTextBlock	15	7	17	172	0	0	match
S100VYQN	86010	030000	2025-03-31	NotesSegmentInformationEtcConsolidatedFinancialStatementsTextBlock	14	4	19	137	0	0	match
S100VYT1	74190	030000	2025-03-31	NotesSegmentInformationEtcConsolidatedFinancialStatementsTextBlock	31	7	33	321	0	0	match
S100VYX9	71610	030000	2025-03-31	NotesSegmentInformationEtcConsolidatedFinancialStatementsTextBlock	16	8	18	156	0	0	match
S100VZ2K	73370	030000	2025-03-31	NotesSegmentInformationEtcConsolidatedFinancialStatementsTextBlock	16	8	18	127	0	0	match
S100VZ3E	95020	030000	2025-03-31	NotesSegmentInformationEtcConsolidatedFinancialStatementsTextBlock	13	4	14	168	0	0	match
S100VZ5R	57060	030000	2025-03-31	NotesSegmentInformationEtcConsolidatedFinancialStatementsTextBlock	19	4	19	200	0	0	match
S100VZ84	73220	030000	2025-03-31	NotesSegmentInformationEtcConsolidatedFinancialStatementsTextBlock	15	7	17	166	0	0	match
S100VZ8O	54060	030000	2025-03-31	FootnotesRegardingSegmentInformationTableTextBlock | NotesSegmentInformationEtcConsolidatedFinancialStatementsTextBlock	35	8	37	385	0	0	match
S100VZFR	87660	030000	2025-03-31	NotesSegmentInformationEtcConsolidatedFinancialStatementsTextBlock	18	8	20	209	0	0	match
S100VZHU	83360	030000	2025-03-31	NotesSegmentInformationEtcConsolidatedFinancialStatementsTextBlock	18	8	26	148	0	0	match
S100VZOK	83460	030000	2025-03-31	NotesSegmentInformationEtcConsolidatedFinancialStatementsTextBlock	21	9	22	166	0	0	match
S100VZPR	58320	030000	2025-03-31	NotesSegmentInformationEtcConsolidatedFinancialStatementsTextBlock	18	8	20	141	0	0	match
S100VZRN	85240	030000	2025-03-31	NotesSegmentInformationEtcConsolidatedFinancialStatementsTextBlock	15	7	17	156	0	0	match
S100VZWT	83440	030000	2025-03-31	NotesSegmentInformationEtcConsolidatedFinancialStatementsTextBlock	18	8	20	153	0	0	match
S100VZYY	71800	030000	2025-03-31	NotesSegmentInformationEtcConsolidatedFinancialStatementsTextBlock	21	9	23	143	0	0	match
S100VZZW	87500	030000	2025-03-31	NotesSegmentInformationEtcConsolidatedFinancialStatementsTextBlock	13	5	14	203	0	0	match
S100W02O	71840	030000	2025-03-31	NotesSegmentInformationEtcConsolidatedFinancialStatementsTextBlock	15	7	17	194	0	0	match
S100W03W	61780	030000	2025-03-31	NotesSegmentInformationEtcConsolidatedFinancialStatementsTextBlock	23	7	31	428	0	0	match
S100W06A	83810	030000	2025-03-31	NotesSegmentInformationEtcConsolidatedFinancialStatementsTextBlock	15	7	17	207	0	0	match
S100W08A	73890	030000	2025-03-31	NotesSegmentInformationEtcConsolidatedFinancialStatementsTextBlock	15	7	17	167	0	0	match
S100W0BE	95090	030000	2025-03-31	NotesSegmentInformationEtcConsolidatedFinancialStatementsTextBlock	15	3	17	104	0	0	match
S100W0CH	83700	030000	2025-03-31	NotesSegmentInformationEtcConsolidatedFinancialStatementsTextBlock	7	3	9	139	0	0	match
S100W0CW	83640	030000	2025-03-31	NotesSegmentInformationEtcConsolidatedFinancialStatementsTextBlock	15	7	17	143	0	0	match
S100W0HK	83450	030000	2025-03-31	NotesSegmentInformationEtcConsolidatedFinancialStatementsTextBlock	17	7	19	166	0	0	match
S100W0IW	34330	030000	2025-03-31	NotesSegmentInformationEtcConsolidatedFinancialStatementsTextBlock	19	4	21	165	0	0	match
S100W0KC	87150	030000	2025-03-31	NotesSegmentInformationEtcConsolidatedFinancialStatementsTextBlock	11	3	13	164	0	0	match
S100W0L7	34220	030000	2025-03-31	NotesSegmentInformationEtcConsolidatedFinancialStatementsTextBlock	19	4	20	110	0	0	match
S100W0MP	83990	030000	2025-03-31	NotesSegmentInformationEtcConsolidatedFinancialStatementsTextBlock	20	6	22	240	0	0	match
S100W0N0	78400	030000	2025-03-31	FootnotesRegardingSegmentInformationTableTextBlock | NotesSegmentInformationEtcConsolidatedFinancialStatementsTextBlock	16	4	23	128	0	0	match
S100W0VR	64670	030000	2025-03-31	NotesSegmentInformationEtcConsolidatedFinancialStatementsTextBlock	15	3	15	124	0	0	match
S100W0W6	85620	030000	2025-03-31	NotesSegmentInformationEtcConsolidatedFinancialStatementsTextBlock	11	3	10	105	0	0	match
S100W0WN	83610	030000	2025-03-31	NotesSegmentInformationEtcConsolidatedFinancialStatementsTextBlock	18	8	20	152	0	0	match
S100W105	73840	030000	2025-03-31	NotesSegmentInformationEtcConsolidatedFinancialStatementsTextBlock	16	8	18	123	0	0	match
S100W116	83860	030000	2025-03-31	NotesSegmentInformationEtcConsolidatedFinancialStatementsTextBlock	15	7	17	217	0	0	match
S100W17F	98780	030000	2025-03-20	NotesSegmentInformationEtcFinancialStatementsTextBlock	20	5	21	48	0	0	match
S100W1EA	90390	030000	2025-03-31	NotesSegmentInformationEtcConsolidatedFinancialStatementsTextBlock	28	10	30	183	0	0	match
S100W1ER	95060	030000	2025-03-31	FootnotesRegardingSegmentInformationTableTextBlock | NotesSegmentInformationEtcConsolidatedFinancialStatementsTextBlock	11	3	13	130	0	0	match
S100W1EY	27600	030000	2025-03-31	NotesSegmentInformationEtcConsolidatedFinancialStatementsTextBlock	11	2	11	86	0	0	match
S100W1FE	90670	030000	2025-03-31	NotesSegmentInformationEtcConsolidatedFinancialStatementsTextBlock	22	10	23	116	0	0	match
S100W1I2	83370	030000	2025-03-31	NotesSegmentInformationEtcConsolidatedFinancialStatementsTextBlock	18	8	20	238	0	0	match
S100W1NC	91040	030000	2025-03-31	NotesSegmentInformationEtcConsolidatedFinancialStatementsTextBlock	36	9	37	333	0	0	match
S100W1SX	85500	030000	2025-03-31	NotesSegmentInformationEtcConsolidatedFinancialStatementsTextBlock	15	7	17	125	0	0	match
S100W1T2	83430	030000	2025-03-31	NotesSegmentInformationEtcConsolidatedFinancialStatementsTextBlock	16	8	19	202	0	0	match
S100W1T3	89340	030000	2025-03-31	NotesSegmentInformationEtcConsolidatedFinancialStatementsTextBlock	19	4	21	193	0	0	match
S100W1XA	71730	030000	2025-03-31	NotesSegmentInformationEtcConsolidatedFinancialStatementsTextBlock	16	8	24	191	0	0	match
S100W1Z6	34200	030000	2025-03-31	NotesSegmentInformationEtcConsolidatedFinancialStatementsTextBlock	21	9	21	78	0	0	match
S100W200	73270	030000	2025-03-31	NotesSegmentInformationEtcConsolidatedFinancialStatementsTextBlock	18	8	20	146	0	0	match
S100W28S	64600	030000	2025-03-31	NotesSegmentInformationEtcConsolidatedFinancialStatementsTextBlock	15	3	15	162	0	0	match
S100W2BD	85410	030000	2025-03-31	NotesSegmentInformationEtcConsolidatedFinancialStatementsTextBlock	14	6	16	203	0	0	match
S100W2D0	88770	030000	2025-03-31	NotesSegmentInformationEtcConsolidatedFinancialStatementsTextBlock	11	2	11	103	0	0	match
S100W2F9	57140	030000	2025-03-31	NotesSegmentInformationEtcConsolidatedFinancialStatementsTextBlock	27	6	29	222	0	0	match
S100W2KS	80810	030000	2025-03-31	NotesSegmentInformationEtcConsolidatedFinancialStatementsTextBlock	24	9	25	112	0	0	match
S100W2ML	95070	030000	2025-03-31	NotesSegmentInformationEtcConsolidatedFinancialStatementsTextBlock	27	6	29	208	0	0	match
S100W2NC	83580	030000	2025-03-31	NotesSegmentInformationEtcConsolidatedFinancialStatementsTextBlock	10	4	11	80	0	0	match
S100W2Q4	80970	030000	2025-03-31	NotesSegmentInformationEtcConsolidatedFinancialStatementsTextBlock	23	5	24	196	0	0	match
S100W2RY	54580	030000	2025-03-31	NotesSegmentInformationEtcConsolidatedFinancialStatementsTextBlock	12	3	13	72	0	0	match
S100W2YX	84160	030000	2025-03-31	NotesSegmentInformationEtcConsolidatedFinancialStatementsTextBlock	16	8	18	164	0	0	match
S100W34Q	57110	030000	2025-03-31	NotesSegmentInformationEtcConsolidatedFinancialStatementsTextBlock	24	6	25	246	0	0	match
S100W361	95080	030000	2025-03-31	NotesSegmentInformationEtcConsolidatedFinancialStatementsTextBlock	23	7	25	220	0	0	match
S100W36P	22960	030000	2025-03-31	NotesSegmentInformationEtcConsolidatedFinancialStatementsTextBlock	19	7	21	132	0	0	match
S100W38I	95030	030000	2025-03-31	NotesSegmentInformationEtcConsolidatedFinancialStatementsTextBlock	19	4	19	143	0	0	match
S100W3GT	19610	030000	2025-03-31	NotesSegmentInformationEtcConsolidatedFinancialStatementsTextBlock	23	5	25	178	0	0	match
S100W3LW	56030	030000	2025-03-31	NotesSegmentInformationEtcConsolidatedFinancialStatementsTextBlock	20	5	23	145	0	0	match
S100W3MP	73500	030000	2025-03-31	NotesSegmentInformationEtcConsolidatedFinancialStatementsTextBlock	15	7	17	133	0	0	match
S100W3VZ	34670	030000	2025-03-31	NotesSegmentInformationEtcConsolidatedFinancialStatementsTextBlock	15	3	15	121	0	0	match
S100W3WK	80750	030000	2025-03-31	NotesSegmentInformationEtcConsolidatedFinancialStatementsTextBlock	34	7	35	323	0	0	match
S100W41M	76370	030000	2025-03-31	NotesSegmentInformationEtcConsolidatedFinancialStatementsTextBlock	19	4	23	137	0	0	match
S100W4CJ	71500	030000	2025-03-31	NotesSegmentInformationEtcConsolidatedFinancialStatementsTextBlock	15	7	17	220	0	0	match
S100W4FP	83670	030000	2025-03-31	NotesSegmentInformationEtcConsolidatedFinancialStatementsTextBlock	15	7	17	167	0	0	match
S100W4NR	95130	030000	2025-03-31	NotesSegmentInformationEtcConsolidatedFinancialStatementsTextBlock	17	5	18	185	0	0	match
S100W4OK	87070	030000	2025-03-31	NotesSegmentInformationEtcConsolidatedFinancialStatementsTextBlock	14	10	11	114	0	0	match
S100W4QL	32930	030000	2025-03-31	NotesSegmentInformationEtcConsolidatedFinancialStatementsTextBlock	23	5	27	189	0	0	match
S100W4QX	95010	030000	2025-03-31	NotesSegmentInformationEtcConsolidatedFinancialStatementsTextBlock	23	5	23	171	0	0	match
S100W4TK	83650	030000	2025-03-31	NotesSegmentInformationEtcConsolidatedFinancialStatementsTextBlock	16	8	18	131	0	0	match
S100W4TT	71890	030000	2025-03-31	NotesSegmentInformationEtcConsolidatedFinancialStatementsTextBlock	11	5	12	89	0	0	match
S100W4ZA	33920	030000	2025-03-31	NotesSegmentInformationEtcConsolidatedFinancialStatementsTextBlock	18	4	18	118	0	0	match
S100W4ZL	77020	030000	2025-03-31	NotesSegmentInformationEtcConsolidatedFinancialStatementsTextBlock	32	11	36	213	0	0	match
S100W553	83950	030000	2025-03-31	NotesSegmentInformationEtcConsolidatedFinancialStatementsTextBlock	19	9	21	151	0	0	match
S100W57C	74660	030000	2025-03-31	NotesSegmentInformationEtcConsolidatedFinancialStatementsTextBlock	19	4	19	107	0	0	match
S100W59Q	83930	030000	2025-03-31	NotesSegmentInformationEtcConsolidatedFinancialStatementsTextBlock	16	8	18	108	0	0	match
S100W5EN	85420	030000	2025-03-31	NotesSegmentInformationEtcConsolidatedFinancialStatementsTextBlock	15	7	17	130	0	0	match
S100W5I0	75080	030000	2025-03-31	NotesSegmentInformationEtcConsolidatedFinancialStatementsTextBlock	19	4	21	143	0	0	match
S100W5IE	66250	030000	2025-03-31	NotesSegmentInformationEtcConsolidatedFinancialStatementsTextBlock	17	4	18	206	0	0	match
S100W5NA	85220	030000	2025-03-31	NotesSegmentInformationEtcConsolidatedFinancialStatementsTextBlock	16	6	22	142	0	0	match
S100W5O4	58300	030000	2025-03-31	NotesSegmentInformationEtcConsolidatedFinancialStatementsTextBlock	15	7	17	221	0	0	match
S100W5RR	81230	030000	2025-03-31	NotesSegmentInformationEtcConsolidatedFinancialStatementsTextBlock	11	2	11	66	0	0	match
S100W5Z6	42280	030000	2025-03-31	FootnotesRegardingSegmentInformationTableTextBlock | NotesSegmentInformationEtcConsolidatedFinancialStatementsTextBlock	12	3	13	105	0	0	match
S100W622	62920	030000	2025-03-31	NotesSegmentInformationEtcConsolidatedFinancialStatementsTextBlock	26	11	27	123	0	0	match
S100W62Z	71620	030000	2025-03-31	NotesSegmentInformationEtcConsolidatedFinancialStatementsTextBlock	17	5	18	230	0	0	match
S100W65H	69820	030000	2025-03-31	NotesSegmentInformationEtcFinancialStatementsTextBlock	14	4	14	104	0	0	match
S100W6E1	52610	030000	2025-03-31	NotesSegmentInformationEtcConsolidatedFinancialStatementsTextBlock	27	6	37	152	0	0	match
S100W6LK	49780	030000	2025-03-31	NotesSegmentInformationEtcConsolidatedFinancialStatementsTextBlock	11	2	11	111	0	0	match
S100W6LS	74600	030000	2025-03-31	NotesSegmentInformationEtcConsolidatedFinancialStatementsTextBlock	23	5	23	183	0	0	match
S100W6NE	96280	030000	2025-03-31	FootnotesRegardingSegmentInformationTableTextBlock | NotesSegmentInformationEtcConsolidatedFinancialStatementsTextBlock	24	6	25	175	0	0	match
S100W6R2	19810	030000	2025-03-31	NotesSegmentInformationEtcFinancialStatementsTextBlock	20	5	21	76	0	0	match
S100W6WO	60920	030000	2025-03-31	NotesSegmentInformationEtcConsolidatedFinancialStatementsTextBlock	15	3	15	100	0	0	match
S100W80D	89990	030000	2025-03-31	FootnotesRegardingSegmentInformationTableTextBlock | NotesSegmentInformationEtcConsolidatedFinancialStatementsTextBlock	16	4	17	143	0	0	match
S100W829	15140	030000	2025-03-31	NotesSegmentInformationEtcConsolidatedFinancialStatementsTextBlock	15	3	15	90	0	0	match
S100W84O	77220	030000	2025-03-31	NotesSegmentInformationEtcConsolidatedFinancialStatementsTextBlock	27	6	31	151	0	0	match
S100W86F	99060	030000	2025-03-31	NotesSegmentInformationEtcConsolidatedFinancialStatementsTextBlock	19	4	21	138	0	0	match
S100W86P	57070	030000	2025-03-31	FootnotesRegardingSegmentInformationTableTextBlock | NotesSegmentInformationEtcConsolidatedFinancialStatementsTextBlock	23	5	26	152	0	0	match
S100W88G	81030	030000	2025-03-31	NotesSegmentInformationEtcConsolidatedFinancialStatementsTextBlock	23	5	27	157	0	0	match
S100WF3X	67230	043A00	2025-06-30	InformationAboutGeographicalAreasIFRSTextBlock | NotesSegmentInformationCondensedQuarterlyConsolidatedFinancialStatementsIFRSTextBlock	11	3	12	67	0	0	match
S100WFSA	96270	030000	2025-04-30	NotesSegmentInformationEtcConsolidatedFinancialStatementsTextBlock	15	3	15	106	0	0	match
S100WGU8	55630	043A00	2025-06-30	NotesSegmentInformationEtcQuarterlyConsolidatedFinancialStatementsTextBlock	28	7	31	53	0	0	match
S100WHAY	23110	043A00	2025-06-30	NotesSegmentInformationEtcQuarterlyConsolidatedFinancialStatementsTextBlock	16	4	17	30	0	0	match
S100WHMD	81790	043A00	2025-06-30	NotesSegmentInformationEtcQuarterlyConsolidatedFinancialStatementsTextBlock	18	6	21	54	0	0	match
S100WHND	29320	043A00	2025-06-30	NotesSegmentInformationEtcQuarterlyConsolidatedFinancialStatementsTextBlock	12	3	13	25	0	0	match
S100WHQA	75310	043A00	2025-06-30	NotesSegmentInformationEtcQuarterlyConsolidatedFinancialStatementsTextBlock	16	4	17	30	0	0	match
S100WI1D	29860	043A00	2025-06-30	NotesSegmentInformationEtcQuarterlyConsolidatedFinancialStatementsTextBlock	23	5	25	44	0	0	match
S100WIFZ	36830	043A00	2025-06-30	NotesSegmentInformationEtcQuarterlyConsolidatedFinancialStatementsTextBlock	20	5	21	35	0	0	match
S100WIH7	19110	043A00	2025-06-30	NotesSegmentInformationEtcQuarterlyConsolidatedFinancialStatementsTextBlock	24	6	27	48	0	0	match
S100WJSD	92780	030000	2025-05-31	NotesSegmentInformationEtcConsolidatedFinancialStatementsTextBlock	19	4	21	156	0	0	match
S100WPPL	95020	043A00	2025-09-30	NotesSegmentInformationEtcType1SemiAnnualConsolidatedFinancialStatementsTextBlock	14	5	16	49	0	0	match
S100WPUB	32930	043A00	2025-09-30	NotesSegmentInformationEtcType1SemiAnnualConsolidatedFinancialStatementsTextBlock	23	5	25	42	0	0	match
S100WSM3	82760	043A00	2025-08-20	NotesSegmentInformationEtcQuarterlyConsolidatedFinancialStatementsTextBlock	12	4	15	42	0	0	match
S100WTSB	81940	043A00	2025-08-31	NotesSegmentInformationEtcQuarterlyConsolidatedFinancialStatementsTextBlock	9	3	11	28	0	0	match
S100WUQ2	82470	043A00	2025-08-31	NotesSegmentInformationEtcQuarterlyConsolidatedFinancialStatementsTextBlock	28	7	31	53	0	0	match
S100WUZ6	26850	043A00	2025-08-31	NotesSegmentInformationEtcQuarterlyConsolidatedFinancialStatementsTextBlock	12	3	13	25	0	0	match
S100WX6A	93060	043A00	2025-09-30	NotesSegmentInformationEtcType1SemiAnnualConsolidatedFinancialStatementsTextBlock	8	2	9	24	0	0	match
S100WX71	54100	043A00	2025-09-30	NotesSegmentInformationEtcType1SemiAnnualConsolidatedFinancialStatementsTextBlock	12	4	14	18	0	0	match
S100WX9J	30040	043A00	2025-09-30	NotesSegmentInformationEtcType1SemiAnnualConsolidatedFinancialStatementsTextBlock	19	4	19	29	0	0	match
S100WXOA	94440	030000	2025-04-30	NotesSegmentInformationEtcConsolidatedFinancialStatementsTextBlock	19	4	23	139	0	0	match
S100WXOV	81500	043A00	2025-09-30	NotesSegmentInformationEtcType1SemiAnnualConsolidatedFinancialStatementsTextBlock	10	4	10	11	0	0	match
S100WXS7	99910	043A00	2025-09-30	NotesSegmentInformationEtcType1SemiAnnualConsolidatedFinancialStatementsTextBlock	12	3	13	25	0	0	match
S100WXXW	99500	043A00	2025-09-20	NotesSegmentInformationEtcQuarterlyConsolidatedFinancialStatementsTextBlock	12	4	14	34	0	0	match
S100WY1Y	95130	043A00	2025-09-30	NotesSegmentInformationEtcType1SemiAnnualConsolidatedFinancialStatementsTextBlock	18	6	20	46	0	0	match
S100WYC2	98780	043A00	2025-09-20	NotesSegmentInformationEtcQuarterlyFinancialStatementsTextBlock	19	4	19	10	0	0	match
S100WYFO	59330	043A00	2025-09-20	NotesSegmentInformationEtcQuarterlyConsolidatedFinancialStatementsTextBlock	20	5	21	35	0	0	match
S100WYFP	41820	043A00	2025-09-30	NotesSegmentInformationEtcType1SemiAnnualConsolidatedFinancialStatementsTextBlock	13	4	14	24	0	0	match
S100WYK4	85510	043A00	2025-09-30	NotesSegmentInformationEtcSemiAnnualConsolidatedFinancialStatementsTextBlock	18	9	20	123	0	0	match
S100WYO8	95050	043A00	2025-09-30	NotesSegmentInformationEtcType1SemiAnnualConsolidatedFinancialStatementsTextBlock	16	4	17	30	0	0	match
S100WYQU	75080	043A00	2025-09-30	NotesSegmentInformationEtcType1SemiAnnualConsolidatedFinancialStatementsTextBlock	20	5	23	43	0	0	match
S100WYTA	80050	043A00	2025-09-30	NotesSegmentInformationEtcType1SemiAnnualConsolidatedFinancialStatementsTextBlock	20	5	21	35	0	0	match
S100WYVE	80780	043A00	2025-09-30	NotesSegmentInformationEtcType1SemiAnnualConsolidatedFinancialStatementsTextBlock	30	6	31	60	0	0	match
S100WZ29	88770	043A00	2025-09-30	NotesSegmentInformationEtcType1SemiAnnualConsolidatedFinancialStatementsTextBlock	12	3	13	25	0	0	match
S100WZ2K	83860	043A00	2025-09-30	NotesSegmentInformationEtcSemiAnnualConsolidatedFinancialStatementsTextBlock	15	7	17	196	0	0	match
S100WZ5G	80810	043A00	2025-09-30	NotesSegmentInformationEtcType1SemiAnnualConsolidatedFinancialStatementsTextBlock	19	4	19	31	0	0	match
S100WZ6I	95060	043A00	2025-09-30	NotesSegmentInformationEtcType1SemiAnnualConsolidatedFinancialStatementsTextBlock	16	4	19	38	0	0	match
S100WZ7X	73890	043A00	2025-09-30	NotesSegmentInformationEtcSemiAnnualConsolidatedFinancialStatementsTextBlock	15	7	17	177	0	0	match
S100WZ8Z	36410	043A00	2025-09-30	NotesSegmentInformationEtcType1SemiAnnualConsolidatedFinancialStatementsTextBlock	10	3	10	27	0	0	match
S100WZAN	74660	043A00	2025-09-30	NotesSegmentInformationEtcType1SemiAnnualConsolidatedFinancialStatementsTextBlock	19	4	19	37	0	0	match
S100WZCT	20600	043A00	2025-09-30	NotesSegmentInformationEtcType1SemiAnnualConsolidatedFinancialStatementsTextBlock	20	5	23	43	0	0	match
S100WZCY	34220	043A00	2025-09-30	NotesSegmentInformationEtcType1SemiAnnualConsolidatedFinancialStatementsTextBlock	15	3	15	25	0	0	match
S100WZET	91070	043A00	2025-09-30	NotesSegmentInformationEtcType1SemiAnnualConsolidatedFinancialStatementsTextBlock	20	5	21	35	0	0	match
S100WZFS	87070	043A00	2025-09-30	NotesSegmentInformationEtcType1SemiAnnualConsolidatedFinancialStatementsTextBlock	11	7	8	72	0	0	match
S100WZKS	15140	043A00	2025-09-30	NotesSegmentInformationEtcType1SemiAnnualConsolidatedFinancialStatementsTextBlock	15	3	15	24	0	0	match
S100WZMK	74190	043A00	2025-09-30	NotesSegmentInformationEtcType1SemiAnnualConsolidatedFinancialStatementsTextBlock	36	9	39	63	0	0	match
S100WZPM	91010	043A00	2025-09-30	NotesSegmentInformationEtcType1SemiAnnualConsolidatedFinancialStatementsTextBlock	32	8	33	50	0	0	match
S100WZTA	33710	043A00	2025-09-30	NotesSegmentInformationEtcType1SemiAnnualConsolidatedFinancialStatementsTextBlock	12	3	13	25	0	0	match
S100WZU7	95090	043A00	2025-09-30	NotesSegmentInformationEtcType1SemiAnnualConsolidatedFinancialStatementsTextBlock	16	4	19	38	0	0	match
S100WZXG	83610	043A00	2025-09-30	NotesSegmentInformationEtcSemiAnnualConsolidatedFinancialStatementsTextBlock	19	9	22	144	0	0	match
S100X09P	90670	043A00	2025-09-30	NotesSegmentInformationEtcType1SemiAnnualConsolidatedFinancialStatementsTextBlock	18	6	20	47	0	0	match
S100X0EB	30360	043A00	2025-09-30	NotesSegmentInformationEtcType1SemiAnnualConsolidatedFinancialStatementsTextBlock	19	4	19	29	0	0	match
S100X0F4	50210	043A00	2025-09-30	NotesSegmentInformationEtcType1SemiAnnualConsolidatedFinancialStatementsTextBlock	21	6	22	34	0	0	match
S100X0IP	69820	043A00	2025-09-30	NotesSegmentInformationEtcType1SemiAnnualFinancialStatementsTextBlock	13	8	9	9	0	0	match
S100X0JX	95030	043A00	2025-09-30	NotesSegmentInformationEtcType1SemiAnnualConsolidatedFinancialStatementsTextBlock	20	5	21	35	0	0	match
S100X0JZ	80970	043A00	2025-09-30	NotesSegmentInformationEtcType1SemiAnnualConsolidatedFinancialStatementsTextBlock	24	6	25	40	0	0	match
S100X0KC	62920	043A00	2025-09-30	FootnotesRegardingSegmentInformationTableTextBlock | NotesSegmentInformationEtcType1SemiAnnualConsolidatedFinancialStatementsTextBlock	20	5	21	39	0	0	match
S100X0L4	95070	043A00	2025-09-30	NotesSegmentInformationEtcType1SemiAnnualConsolidatedFinancialStatementsTextBlock	28	7	31	53	0	0	match
S100X0MD	27600	043A00	2025-09-30	NotesSegmentInformationEtcType1SemiAnnualConsolidatedFinancialStatementsTextBlock	12	3	13	25	0	0	match
S100X0NC	57110	043A00	2025-09-30	NotesSegmentInformationEtcType1SemiAnnualConsolidatedFinancialStatementsTextBlock	24	6	25	40	0	0	match
S100X0OC	57060	043A00	2025-09-30	NotesSegmentInformationEtcType1SemiAnnualConsolidatedFinancialStatementsTextBlock	20	5	21	36	0	0	match
S100X0OF	65900	043A00	2025-09-30	NotesSegmentInformationEtcType1SemiAnnualConsolidatedFinancialStatementsTextBlock	19	4	19	29	0	0	match
S100X0RD	90390	043A00	2025-09-30	NotesSegmentInformationEtcType1SemiAnnualConsolidatedFinancialStatementsTextBlock	24	6	27	48	0	0	match
S100X0RT	85500	043A00	2025-09-30	NotesSegmentInformationEtcSemiAnnualConsolidatedFinancialStatementsTextBlock	15	7	17	114	0	0	match
S100X0U9	77020	043A00	2025-09-30	NotesSegmentInformationEtcType1SemiAnnualConsolidatedFinancialStatementsTextBlock	27	6	29	47	0	0	match
S100X0ZB	89340	043A00	2025-09-30	NotesSegmentInformationEtcType1SemiAnnualConsolidatedFinancialStatementsTextBlock	19	4	21	37	0	0	match
S100X168	56030	043A00	2025-09-30	NotesSegmentInformationEtcType1SemiAnnualConsolidatedFinancialStatementsTextBlock	20	5	23	43	0	0	match
S100X179	95080	043A00	2025-09-30	NotesSegmentInformationEtcType1SemiAnnualConsolidatedFinancialStatementsTextBlock	24	8	27	66	0	0	match
S100X1KX	87150	043A00	2025-09-30	NotesSegmentInformationEtcType1SemiAnnualConsolidatedFinancialStatementsTextBlock	17	5	19	56	0	0	match
S100X1LV	34330	043A00	2025-09-30	NotesSegmentInformationEtcType1SemiAnnualConsolidatedFinancialStatementsTextBlock	20	5	23	43	0	0	match
S100X1SG	57140	043A00	2025-09-30	NotesSegmentInformationEtcType1SemiAnnualConsolidatedFinancialStatementsTextBlock	28	7	31	53	0	0	match
S100X1ZS	58300	043A00	2025-09-30	NotesSegmentInformationEtcSemiAnnualConsolidatedFinancialStatementsTextBlock	15	7	17	208	0	0	match
S100X20P	75370	043A00	2025-09-30	NotesSegmentInformationEtcType1SemiAnnualConsolidatedFinancialStatementsTextBlock	16	4	17	30	0	0	match
S100X25O	54580	043A00	2025-09-30	NotesSegmentInformationEtcType1SemiAnnualConsolidatedFinancialStatementsTextBlock	12	3	13	25	0	0	match
S100X2DA	76370	043A00	2025-09-30	NotesSegmentInformationEtcType1SemiAnnualConsolidatedFinancialStatementsTextBlock	19	4	21	37	0	0	match
S100X2JZ	33920	043A00	2025-09-30	NotesSegmentInformationEtcType1SemiAnnualConsolidatedFinancialStatementsTextBlock	19	5	20	36	0	0	match
S100X2MW	86010	043A00	2025-09-30	NotesSegmentInformationEtcType1SemiAnnualConsolidatedFinancialStatementsTextBlock	14	4	16	42	0	0	match
S100X2OR	81230	043A00	2025-09-30	NotesSegmentInformationEtcType1SemiAnnualConsolidatedFinancialStatementsTextBlock	12	3	13	17	0	0	match
S100X2Q0	64670	043A00	2025-09-30	NotesSegmentInformationEtcType1SemiAnnualConsolidatedFinancialStatementsTextBlock	16	4	17	30	0	0	match
S100X2S2	78400	043A00	2025-09-30	FootnotesRegardingSegmentInformationTableTextBlock | NotesSegmentInformationEtcType1SemiAnnualConsolidatedFinancialStatementsTextBlock	16	4	19	40	0	0	match
S100X2WA	34200	043A00	2025-09-30	NotesSegmentInformationEtcType1SemiAnnualConsolidatedFinancialStatementsTextBlock	16	4	17	30	0	0	match
S100X2WQ	83460	043A00	2025-09-30	NotesSegmentInformationEtcSemiAnnualConsolidatedFinancialStatementsTextBlock	18	8	19	134	0	0	match
S100X2YF	22960	043A00	2025-09-30	NotesSegmentInformationEtcType1SemiAnnualConsolidatedFinancialStatementsTextBlock	16	4	19	38	0	0	match
S100X2ZG	57070	043A00	2025-09-30	NotesSegmentInformationEtcType1SemiAnnualConsolidatedFinancialStatementsTextBlock	24	6	27	52	0	0	match
S100X2ZO	66250	043A00	2025-09-30	NotesSegmentInformationEtcType1SemiAnnualConsolidatedFinancialStatementsTextBlock	18	5	20	45	0	0	match
S100X2ZT	89990	043A00	2025-09-30	NotesSegmentInformationEtcType1SemiAnnualConsolidatedFinancialStatementsTextBlock	16	4	17	30	0	0	match
S100X30A	95010	043A00	2025-09-30	NotesSegmentInformationEtcType1SemiAnnualConsolidatedFinancialStatementsTextBlock	24	6	25	40	0	0	match
S100X30Z	19810	043A00	2025-09-30	NotesSegmentInformationEtcType1SemiAnnualFinancialStatementsTextBlock	20	5	21	35	0	0	match
S100X31D	54080	043A00	2025-09-30	NotesSegmentInformationEtcType1SemiAnnualConsolidatedFinancialStatementsTextBlock	16	4	17	32	0	0	match
S100X35J	91040	043A00	2025-09-30	NotesSegmentInformationEtcType1SemiAnnualConsolidatedFinancialStatementsTextBlock	38	11	39	64	0	0	match
S100X3EA	85110	043A00	2025-09-30	NotesSegmentInformationEtcType1SemiAnnualConsolidatedFinancialStatementsTextBlock	11	3	12	28	0	0	match
S100X3G7	34670	043A00	2025-09-30	NotesSegmentInformationEtcType1SemiAnnualConsolidatedFinancialStatementsTextBlock	16	4	17	30	0	0	match
S100X3GI	85620	043A00	2025-09-30	NotesSegmentInformationEtcSemiAnnualConsolidatedFinancialStatementsTextBlock	15	7	16	98	0	0	match
S100X3J8	87500	043A00	2025-09-30	NotesSegmentInformationEtcSemiAnnualConsolidatedFinancialStatementsTextBlock	13	5	14	190	0	0	match
S100X3LN	52610	043A00	2025-09-30	NotesSegmentInformationEtcType1SemiAnnualConsolidatedFinancialStatementsTextBlock	28	7	35	46	0	0	match
S100X3M7	96280	043A00	2025-09-30	FootnotesRegardingSegmentInformationTableTextBlock | NotesSegmentInformationEtcType1SemiAnnualConsolidatedFinancialStatementsTextBlock	24	6	25	48	0	0	match
S100X3N9	80320	043A00	2025-09-30	NotesSegmentInformationEtcType1SemiAnnualConsolidatedFinancialStatementsTextBlock	19	13	14	52	0	0	match
S100X3OT	99060	043A00	2025-09-30	NotesSegmentInformationEtcType1SemiAnnualConsolidatedFinancialStatementsTextBlock	19	4	21	37	0	0	match
S100X3OV	80750	043A00	2025-09-30	NotesSegmentInformationEtcType1SemiAnnualConsolidatedFinancialStatementsTextBlock	35	8	35	55	0	0	match
S100X3PA	84100	043A00	2025-09-30	NotesSegmentInformationEtcSemiAnnualConsolidatedFinancialStatementsTextBlock	13	5	14	141	0	0	match
S100X3QJ	74600	043A00	2025-09-30	NotesSegmentInformationEtcType1SemiAnnualConsolidatedFinancialStatementsTextBlock	24	6	25	40	0	0	match
S100X3SW	71610	043A00	2025-09-30	NotesSegmentInformationEtcSemiAnnualConsolidatedFinancialStatementsTextBlock	16	8	18	124	0	0	match
S100X403	73270	043A00	2025-09-30	NotesSegmentInformationEtcSemiAnnualConsolidatedFinancialStatementsTextBlock	18	8	20	132	0	0	match
S100X435	60920	043A00	2025-09-30	NotesSegmentInformationEtcType1SemiAnnualConsolidatedFinancialStatementsTextBlock	16	4	17	30	0	0	match
S100X44V	71620	043A00	2025-09-30	NotesSegmentInformationEtcType1SemiAnnualConsolidatedFinancialStatementsTextBlock	14	4	15	46	0	0	match
S100X490	19610	043A00	2025-09-30	NotesSegmentInformationEtcType1SemiAnnualConsolidatedFinancialStatementsTextBlock	24	6	27	48	0	0	match
S100X4EH	42280	043A00	2025-09-30	FootnotesRegardingSegmentInformationTableTextBlock | NotesSegmentInformationEtcType1SemiAnnualConsolidatedFinancialStatementsTextBlock	12	3	13	29	0	0	match
S100X4FG	85240	043A00	2025-09-30	NotesSegmentInformationEtcSemiAnnualConsolidatedFinancialStatementsTextBlock	16	8	19	148	0	0	match
S100X4N2	61780	043A00	2025-09-30	NotesSegmentInformationEtcType1SemiAnnualConsolidatedFinancialStatementsTextBlock	23	7	25	60	0	0	match
S100X4RH	83640	043A00	2025-09-30	NotesSegmentInformationEtcSemiAnnualConsolidatedFinancialStatementsTextBlock	15	7	17	128	0	0	match
S100X4SC	36110	043A00	2025-09-30	NotesSegmentInformationEtcType1SemiAnnualConsolidatedFinancialStatementsTextBlock	12	3	13	25	0	0	match
S100X519	83680	043A00	2025-09-30	NotesSegmentInformationEtcSemiAnnualConsolidatedFinancialStatementsTextBlock	15	7	17	184	0	0	match
S100X573	71840	043A00	2025-09-30	NotesSegmentInformationEtcSemiAnnualConsolidatedFinancialStatementsTextBlock	15	7	17	176	0	0	match
S100X5A1	83340	043A00	2025-09-30	NotesSegmentInformationEtcSemiAnnualConsolidatedFinancialStatementsTextBlock	15	7	17	204	0	0	match
S100X5EO	83370	043A00	2025-09-30	NotesSegmentInformationEtcSemiAnnualConsolidatedFinancialStatementsTextBlock	15	7	17	202	0	0	match
S100X5ES	83650	043A00	2025-09-30	NotesSegmentInformationEtcSemiAnnualConsolidatedFinancialStatementsTextBlock	16	8	18	119	0	0	match
S100X5HN	87660	043A00	2025-09-30	NotesSegmentInformationEtcSemiAnnualConsolidatedFinancialStatementsTextBlock	18	8	20	198	0	0	match
S100X5IP	73840	043A00	2025-09-30	NotesSegmentInformationEtcSemiAnnualConsolidatedFinancialStatementsTextBlock	16	8	18	110	0	0	match
S100X5J8	30480	030000	2025-08-31	NotesSegmentInformationEtcConsolidatedFinancialStatementsTextBlock	15	3	17	175	0	0	match
S100X5M1	73810	043A00	2025-09-30	NotesSegmentInformationEtcSemiAnnualConsolidatedFinancialStatementsTextBlock	12	6	13	94	0	0	match
S100X5QA	85630	043A00	2025-09-30	NotesSegmentInformationEtcSemiAnnualConsolidatedFinancialStatementsTextBlock	16	8	19	162	0	0	match
S100X5QS	83700	043A00	2025-09-30	NotesSegmentInformationEtcSemiAnnualConsolidatedFinancialStatementsTextBlock	9	3	9	135	0	0	match
S100X5RJ	83440	043A00	2025-09-30	NotesSegmentInformationEtcSemiAnnualConsolidatedFinancialStatementsTextBlock	18	8	20	132	0	0	match
S100X5RZ	87140	043A00	2025-09-30	NotesSegmentInformationEtcSemiAnnualConsolidatedFinancialStatementsTextBlock	15	7	17	160	0	0	match
S100X5S5	73220	043A00	2025-09-30	NotesSegmentInformationEtcSemiAnnualConsolidatedFinancialStatementsTextBlock	15	7	17	134	0	0	match
S100X5SN	71730	043A00	2025-09-30	NotesSegmentInformationEtcSemiAnnualConsolidatedFinancialStatementsTextBlock	16	8	24	185	0	0	match
S100X5SX	83810	043A00	2025-09-30	NotesSegmentInformationEtcSemiAnnualConsolidatedFinancialStatementsTextBlock	15	7	17	196	0	0	match
S100X5TI	73370	043A00	2025-09-30	NotesSegmentInformationEtcSemiAnnualConsolidatedFinancialStatementsTextBlock	16	8	18	120	0	0	match
S100X5YR	87950	043A00	2025-09-30	NotesSegmentInformationEtcSemiAnnualConsolidatedFinancialStatementsTextBlock	17	5	19	320	0	0	match
S100X5ZC	83580	043A00	2025-09-30	NotesSegmentInformationEtcSemiAnnualConsolidatedFinancialStatementsTextBlock	10	4	11	76	0	0	match
S100X5ZS	83450	043A00	2025-09-30	NotesSegmentInformationEtcSemiAnnualConsolidatedFinancialStatementsTextBlock	17	7	19	158	0	0	match
S100X600	71890	043A00	2025-09-30	NotesSegmentInformationEtcSemiAnnualConsolidatedFinancialStatementsTextBlock	11	5	12	79	0	0	match
S100X61D	83430	043A00	2025-09-30	NotesSegmentInformationEtcSemiAnnualConsolidatedFinancialStatementsTextBlock	16	8	19	196	0	0	match
S100X61G	58320	043A00	2025-09-30	NotesSegmentInformationEtcSemiAnnualConsolidatedFinancialStatementsTextBlock	18	8	20	131	0	0	match
S100X627	84160	043A00	2025-09-30	NotesSegmentInformationEtcSemiAnnualConsolidatedFinancialStatementsTextBlock	16	8	18	154	0	0	match
S100X62S	83590	043A00	2025-09-30	NotesSegmentInformationEtcSemiAnnualConsolidatedFinancialStatementsTextBlock	15	7	17	174	0	0	match
S100X630	83920	043A00	2025-09-30	NotesSegmentInformationEtcSemiAnnualConsolidatedFinancialStatementsTextBlock	14	6	16	119	0	0	match
S100X63X	71500	043A00	2025-09-30	NotesSegmentInformationEtcSemiAnnualConsolidatedFinancialStatementsTextBlock	15	7	17	186	0	0	match
S100X659	85410	043A00	2025-09-30	NotesSegmentInformationEtcSemiAnnualConsolidatedFinancialStatementsTextBlock	14	6	16	184	0	0	match
S100X68Z	73800	043A00	2025-09-30	FootnotesRegardingSegmentInformationTableTextBlock | NotesSegmentInformationEtcSemiAnnualConsolidatedFinancialStatementsTextBlock	15	7	21	155	0	0	match
S100X6DV	58310	043A00	2025-09-30	NotesSegmentInformationEtcSemiAnnualConsolidatedFinancialStatementsTextBlock	15	7	17	220	0	0	match
S100X6F4	83490	043A00	2025-09-30	NotesSegmentInformationEtcSemiAnnualConsolidatedFinancialStatementsTextBlock	15	7	18	180	0	0	match
S100X6FX	83950	043A00	2025-09-30	NotesSegmentInformationEtcSemiAnnualConsolidatedFinancialStatementsTextBlock	19	9	21	133	0	0	match
S100X6FY	83930	043A00	2025-09-30	NotesSegmentInformationEtcSemiAnnualConsolidatedFinancialStatementsTextBlock	16	8	18	102	0	0	match
S100X6KD	83990	043A00	2025-09-30	NotesSegmentInformationEtcSemiAnnualConsolidatedFinancialStatementsTextBlock	24	10	26	225	0	0	match
S100X6ML	87290	043A00	2025-09-30	NotesSegmentInformationEtcSemiAnnualConsolidatedFinancialStatementsTextBlock	18	8	25	160	0	0	match
S100X6NB	85220	043A00	2025-09-30	NotesSegmentInformationEtcSemiAnnualConsolidatedFinancialStatementsTextBlock	16	6	22	134	0	0	match
S100X6PQ	85420	043A00	2025-09-30	NotesSegmentInformationEtcSemiAnnualConsolidatedFinancialStatementsTextBlock	15	7	17	114	0	0	match
S100X6QU	70650	030000	2025-08-31	NotesSegmentInformationEtcConsolidatedFinancialStatementsTextBlock	12	3	13	67	0	0	match
S100X6W5	83670	043A00	2025-09-30	NotesSegmentInformationEtcSemiAnnualConsolidatedFinancialStatementsTextBlock	15	7	17	150	0	0	match
S100X6ZU	73500	043A00	2025-09-30	NotesSegmentInformationEtcSemiAnnualConsolidatedFinancialStatementsTextBlock	15	7	17	114	0	0	match
S100X77Q	83360	043A00	2025-09-30	NotesSegmentInformationEtcSemiAnnualConsolidatedFinancialStatementsTextBlock	18	8	26	145	0	0	match
S100X79V	50260	030000	2025-08-31	NotesSegmentInformationEtcConsolidatedFinancialStatementsTextBlock	11	2	11	105	0	0	match
S100X79Y	71800	043A00	2025-09-30	NotesSegmentInformationEtcSemiAnnualConsolidatedFinancialStatementsTextBlock	21	9	23	134	0	0	match
S100X9BV	36360	030000	2025-09-30	NotesSegmentInformationEtcConsolidatedFinancialStatementsTextBlock	11	2	11	99	0	0	match
S100XAGJ	96270	043A00	2025-10-31	NotesSegmentInformationEtcType1SemiAnnualConsolidatedFinancialStatementsTextBlock	16	4	17	30	0	0	match
S100XAIC	94440	043A00	2025-10-31	NotesSegmentInformationEtcType1SemiAnnualConsolidatedFinancialStatementsTextBlock	19	4	21	39	0	0	match
S100XBX1	78060	030000	2025-09-30	NotesSegmentInformationEtcConsolidatedFinancialStatementsTextBlock	28	7	29	157	0	0	match
S100XCLW	57240	030000	2025-09-30	NotesSegmentInformationEtcConsolidatedFinancialStatementsTextBlock	19	4	21	127	0	0	match
S100XFBS	92780	043A00	2025-11-30	NotesSegmentInformationEtcType1SemiAnnualConsolidatedFinancialStatementsTextBlock	20	5	23	43	0	0	match
S100XHNL	23730	030000	2025-10-31	NotesSegmentInformationEtcConsolidatedFinancialStatementsTextBlock	15	3	17	184	0	0	match
S100XSJU	64400	030000	2025-12-31	NotesSegmentInformationEtcConsolidatedFinancialStatementsTextBlock	15	3	17	166	0	0	match
S100XSL6	81790	030000	2025-12-31	NotesSegmentInformationEtcConsolidatedFinancialStatementsTextBlock	18	6	21	214	0	0	match
S100XSPG	23110	030000	2025-12-31	NotesSegmentInformationEtcConsolidatedFinancialStatementsTextBlock	15	3	15	90	0	0	match
S100XSS6	75310	030000	2025-12-31	NotesSegmentInformationEtcConsolidatedFinancialStatementsTextBlock	15	3	15	88	0	0	match
S100XTVO	19110	030000	2025-12-31	NotesSegmentInformationEtcConsolidatedFinancialStatementsTextBlock	26	8	28	259	0	0	match
S100XU98	36830	030000	2025-12-31	NotesSegmentInformationEtcConsolidatedFinancialStatementsTextBlock	19	4	19	160	0	0	match
S100XUF0	29860	030000	2025-12-31	NotesSegmentInformationEtcConsolidatedFinancialStatementsTextBlock	23	5	27	127	0	0	match
S100XUJP	29320	030000	2025-12-31	NotesSegmentInformationEtcConsolidatedFinancialStatementsTextBlock	11	2	11	65	0	0	match
S100XUK7	55630	030000	2025-12-31	NotesSegmentInformationEtcConsolidatedFinancialStatementsTextBlock	28	7	31	202	0	0	match
S100XYAC	30480	043A00	2026-02-28	NotesSegmentInformationEtcType1SemiAnnualConsolidatedFinancialStatementsTextBlock	15	3	17	38	0	0	match
S100XYO1	70650	043A00	2026-02-28	NotesSegmentInformationEtcType1SemiAnnualConsolidatedFinancialStatementsTextBlock	12	3	13	25	0	0	match
S100XYSY	87830	043A00	2026-02-28	NotesSegmentInformationEtcType1SemiAnnualConsolidatedFinancialStatementsTextBlock	27	6	27	8	0	0	match
S100Y13G	36360	043A00	2026-03-31	NotesSegmentInformationEtcType1SemiAnnualConsolidatedFinancialStatementsTextBlock	12	3	13	25	0	0	match
